Country,Happiness_Score,Score_Change,Temperature_C,Temperature_Current,Temperature_Average,Rank,Rank_GDP,Rank_Social_Support,Rank_Life_Expectancy,Rank_Freedom,Rank_Generosity,Rank_Corruption
Finland,7.736,0.347,3.23,3.59,2.87,1,2.0,2.0,15.0,18.0,4.0,56.0
Denmark,7.521,,9.795,10.03,9.56,2,28.0,4.0,5.0,15.0,10.0,31.0
Iceland,7.515,0.16,1.505,1.24,1.77,3,5.0,1.0,8.0,4.0,3.0,5.0
Sweden,7.345,,3.785,4.19,3.38,4,11.0,27.0,12.0,7.0,21.0,20.0
Netherlands,7.306,,11.725,11.77,11.68,5,1.0,28.0,6.0,,41.0,9.0
Costa Rica,7.274,0.017,25.310000000000002,25.21,25.41,6,58.0,36.0,50.0,29.0,13.0,115.0
Norway,7.262,,2.695,3.11,2.28,7,17.0,19.0,2.0,5.0,17.0,18.0
Israel,7.234,,20.985,20.95,21.02,8,15.0,13.0,25.0,9.0,87.0,19.0
Luxembourg,7.122,0.068,11.225,11.11,11.34,9,,,,,,
Mexico,6.979,,22.455,22.68,22.23,10,71.0,61.0,57.0,79.0,27.0,104.0
Australia,6.974,,22.54,22.77,22.31,11,36.0,42.0,13.0,12.0,49.0,22.0
New Zealand,6.952,,11.05,10.9,11.2,12,32.0,24.0,24.0,17.0,32.0,25.0
Switzerland,6.935,,7.9,7.82,7.98,13,3.0,20.0,3.0,6.0,20.0,12.0
Belgium,6.91,,11.844999999999999,11.77,11.92,14,4.0,31.0,11.0,20.0,26.0,48.0
Ireland,6.889,,10.45,10.25,10.65,15,8.0,22.0,1.0,16.0,33.0,3.0
Lithuania,6.829,1.403,8.895,9.21,8.58,16,27.0,3.0,27.0,52.0,62.0,92.0
Austria,6.81,,9.05,9.26,8.84,17,18.0,25.0,10.0,19.0,54.0,7.0
Canada,6.803,,,,,18,44.0,35.0,16.0,21.0,68.0,27.0
Slovenia,6.792,0.732,11.48,11.65,11.31,19,29.0,6.0,23.0,23.0,8.0,40.0
Czechia,6.775,0.485,10.325,10.59,10.06,20,34.0,9.0,26.0,36.0,31.0,44.0
United Arab Emirates,6.759,,28.78,28.62,28.94,21,63.0,92.0,7.0,30.0,14.0,23.0
Germany,6.753,0.081,11.04,11.19,10.89,22,31.0,37.0,9.0,24.0,56.0,14.0
United Kingdom,6.728,,10.010000000000002,9.88,10.14,23,7.0,44.0,20.0,25.0,35.0,6.0
United States,6.724,,10.49,10.73,10.25,24,13.0,12.0,4.0,56.0,115.0,16.0
Belize,6.711,99.0,26.53,26.63,26.43,25,57.0,83.0,1.0,,96.0,92.0
Poland,6.673,0.851,10.58,10.91,10.25,26,6.0,34.0,30.0,40.0,37.0,114.0
Taiwan Province of China,6.669,0.448,21.064999999999998,21.22,20.91,27,33.0,33.0,74.0,,34.0,42.0
Uruguay,6.661,0.306,18.685000000000002,18.44,18.93,28,48.0,17.0,46.0,45.0,18.0,83.0
Kosovo,6.659,1.437,,,,29,41.0,70.0,77.0,,28.0,17.0
Kuwait,6.629,0.114,27.4,27.27,27.53,30,125.0,87.0,29.0,,42.0,41.0
Serbia,6.606,1.793,13.215,13.43,13.0,31,45.0,29.0,51.0,57.0,66.0,36.0
Saudi Arabia,6.6,0.12,26.44,26.35,26.53,32,65.0,59.0,17.0,38.0,35.0,43.0
France,6.593,,12.835,12.65,13.02,33,10.0,41.0,18.0,14.0,84.0,45.0
Singapore,6.565,0.019,28.259999999999998,28.41,28.11,34,16.0,53.0,55.0,1.0,24.0,1.0
Romania,6.563,1.53,12.085,12.27,11.9,35,46.0,81.0,34.0,58.0,38.0,117.0
Brazil,6.494,,25.97,26.02,25.92,36,79.0,56.0,62.0,75.0,59.0,71.0
El Salvador,6.492,0.683,25.935000000000002,26.01,25.86,37,98.0,100.0,86.0,73.0,11.0,133.0
Spain,6.466,0.144,15.129999999999999,15.1,15.16,38,9.0,16.0,22.0,8.0,88.0,32.0
Estonia,6.417,0.991,7.245,7.58,6.91,39,30.0,23.0,35.0,32.0,52.0,39.0
Italy,6.415,0.394,14.485,14.58,14.39,40,19.0,52.0,19.0,13.0,103.0,89.0
Panama,6.407,,26.085,26.13,26.04,41,93.0,38.0,41.0,33.0,44.0,124.0
Argentina,6.397,,15.754999999999999,15.56,15.95,42,38.0,21.0,52.0,49.0,47.0,112.0
Kazakhstan,6.378,0.707,8.43,7.93,8.93,43,25.0,18.0,42.0,77.0,57.0,49.0
Guatemala,6.362,0.397,24.479999999999997,24.58,24.38,44,131.0,94.0,84.0,,22.0,106.0
Chile,6.361,,9.895,9.73,10.06,45,53.0,43.0,47.0,28.0,63.0,75.0
Viet Nam,6.352,0.819,25.515,25.54,25.49,46,20.0,49.0,78.0,41.0,2.0,129.0
Nicaragua,6.33,0.823,26.54,26.56,26.52,47,112.0,60.0,98.0,50.0,39.0,82.0
Malta,6.316,0.352,20.445,20.62,20.27,48,43.0,26.0,50.0,11.0,15.0,67.0
Thailand,6.222,,27.645,27.79,27.5,49,67.0,50.0,59.0,37.0,16.0,8.0
Slovakia,6.221,0.252,10.809999999999999,11.08,10.54,50,12.0,5.0,37.0,47.0,80.0,80.0
Latvia,6.207,1.161,8.185,8.51,7.86,51,39.0,8.0,38.0,59.0,64.0,66.0
Oman,6.197,,28.285,28.22,28.35,52,121.0,71.0,40.0,,25.0,29.0
Uzbekistan,6.193,0.57,15.115,14.59,15.64,53,87.0,30.0,90.0,65.0,6.0,33.0
Paraguay,6.172,0.393,24.96,24.85,25.07,54,110.0,32.0,72.0,84.0,30.0,84.0
Japan,6.147,0.083,13.055,13.11,13.0,55,47.0,48.0,28.0,2.0,79.0,130.0
Bosnia and Herzegovina,6.136,1.323,12.004999999999999,12.23,11.78,56,66.0,47.0,60.0,46.0,89.0,28.0
Philippines,6.107,1.122,27.04,27.16,26.92,57,104.0,68.0,89.0,93.0,19.0,91.0
Republic of Korea,6.038,,,,,58,69.0,84.0,21.0,3.0,104.0,55.0
Bahrain,6.03,0.718,28.725,28.57,28.88,59,108.0,76.0,14.0,,15.0,30.0
Portugal,6.013,0.912,16.990000000000002,16.92,17.06,60,57.0,51.0,32.0,22.0,40.0,111.0
Colombia,6.004,,25.45,25.58,25.32,61,105.0,55.0,66.0,44.0,73.0,131.0
Ecuador,5.965,0.1,22.04,21.79,22.29,62,84.0,97.0,76.0,51.0,70.0,122.0
Honduras,5.964,0.822,25.47,25.54,25.4,63,128.0,95.0,103.0,90.0,45.0,69.0
Malaysia,5.955,0.195,26.92,27.06,26.78,64,76.0,91.0,45.0,55.0,9.0,11.0
Peru,5.947,0.171,20.55,20.17,20.93,65,89.0,78.0,73.0,69.0,91.0,128.0
Russian Federation,5.945,0.481,,,,66,75.0,65.0,33.0,83.0,101.0,58.0
Cyprus,5.942,,20.025,20.18,19.87,67,55.0,88.0,122.0,10.0,67.0,128.0
China,5.921,0.943,8.465,8.52,8.41,68,85.0,98.0,56.0,26.0,65.0,105.0
Hungary,5.915,1.14,13.315,13.53,13.1,69,50.0,7.0,36.0,48.0,117.0,57.0
Trinidad and Tobago,5.905,,27.365000000000002,27.62,27.11,70,82.0,58.0,82.0,,38.0,133.0
Montenegro,5.877,0.578,11.505,11.71,11.3,71,26.0,39.0,48.0,,61.0,99.0
Croatia,5.87,0.209,13.620000000000001,13.82,13.42,72,23.0,10.0,31.0,31.0,124.0,119.0
Jamaica,5.87,0.496,26.64,26.66,26.62,73,,,,76.0,,
Bolivia,5.868,0.011,21.880000000000003,21.8,21.96,74,96.0,86.0,92.0,98.0,76.0,127.0
Kyrgyzstan,5.858,0.816,3.94,3.54,4.34,75,24.0,14.0,102.0,64.0,5.0,42.0
Dominican Republic,5.846,0.883,25.43,25.6,25.26,76,133.0,46.0,53.0,63.0,36.0,101.0
Mongolia,5.833,0.999,2.09,2.36,1.82,77,54.0,11.0,69.0,80.0,113.0,26.0
Mauritius,5.832,0.355,23.994999999999997,23.88,24.11,78,81.0,62.0,49.0,61.0,71.0,70.0
Libya,5.82,0.48,23.105,23.26,22.95,79,56.0,82.0,81.0,,77.0,77.0
Republic of Moldova,5.819,0.028,12.805,12.92,12.69,80,60.0,72.0,70.0,81.0,51.0,116.0
Greece,5.776,0.341,15.88,16.05,15.71,81,59.0,77.0,39.0,27.0,136.0,132.0
Venezuela,5.683,,26.134999999999998,26.27,26.0,82,97.0,89.0,102.0,74.0,88.0,36.0
Indonesia,5.617,0.269,26.27,26.38,26.16,83,100.0,74.0,75.0,85.0,24.0,1.0
Algeria,5.571,0.149,24.085,24.18,23.99,84,22.0,69.0,74.0,39.0,75.0,123.0
Bulgaria,5.554,1.573,13.145,13.24,13.05,85,40.0,15.0,44.0,71.0,83.0,85.0
North Macedonia,5.503,0.929,12.43,12.6,12.26,86,51.0,54.0,54.0,60.0,119.0,46.0
Armenia,5.494,1.178,8.945,8.87,9.02,87,70.0,93.0,61.0,53.0,60.0,136.0
Hong Kong SAR of China,5.491,,24.16,24.23,24.09,88,21.0,64.0,90.0,,54.0,7.0
Albania,5.411,,14.075,14.29,13.86,89,95.0,111.0,65.0,35.0,34.0,72.0
Tajikistan,5.411,1.031,5.35,5.0,5.7,90,14.0,40.0,112.0,67.0,134.0,12.0
Georgia,5.4,1.213,10.355,10.32,10.39,91,49.0,85.0,55.0,70.0,48.0,141.0
Nepal,5.311,1.155,14.3,14.46,14.14,92,116.0,105.0,110.0,89.0,78.0,76.0
Lao PDR,5.301,0.514,24.990000000000002,25.05,24.93,93,90.0,119.0,97.0,87.0,29.0,43.0
Türkiye,5.262,,,,,94,37.0,73.0,43.0,42.0,140.0,107.0
South Africa,5.213,0.25,18.784999999999997,18.99,18.58,95,127.0,80.0,79.0,114.0,96.0,121.0
Mozambique,5.19,0.219,24.985,25.18,24.79,96,140.0,102.0,133.0,117.0,100.0,97.0
Gabon,5.12,1.006,25.445,25.64,25.25,97,111.0,99.0,64.0,101.0,99.0,110.0
Côte d’Ivoire,5.102,106.0,,,,98,133.0,101.0,112.0,,79.0,40.0
Iran,5.093,0.45,19.395,19.18,19.61,99,78.0,75.0,71.0,54.0,132.0,13.0
Congo,5.03,0.733,24.395000000000003,24.42,24.37,100,139.0,134.0,105.0,105.0,111.0,113.0
Iraq,5.166,0.349,23.955,23.85,24.06,92,114.0,99.0,84.0,82.0,124.0,84.0
Guinea,5.023,1.176,26.595,26.6,26.59,97,132.0,131.0,110.0,116.0,98.0,58.0
Senegal,4.969,1.01,29.54,29.41,29.67,99,104.0,116.0,92.0,115.0,71.0,83.0
Afghanistan,6.796,1.333,14.425,14.24,14.61,19,,,,,,
Ukraine,5.071,0.014,11.030000000000001,11.21,10.85,92,79.0,62.0,77.0,78.0,56.0,4.0
Nigeria,4.981,,27.685,27.65,27.72,95,96.0,90.0,108.0,104.0,79.0,42.0
Cameroon,4.973,0.553,25.075000000000003,25.12,25.03,96,115.0,121.0,112.0,108.0,118.0,87.0
State of Palestine,4.908,0.208,,,,99,101.0,64.0,115.0,,130.0,94.0
Morocco,4.903,0.018,19.17,19.18,19.16,100,102.0,132.0,96.0,72.0,69.0,140.0
Belarus,5.821,0.317,9.08,9.34,8.82,65,,,,,,
Turkmenistan,5.474,,17.82,17.34,18.3,78,,,,,,
Azerbaijan,5.173,0.569,14.075,13.94,14.21,92,,,,,,
Gambia,5.164,,28.994999999999997,28.84,29.15,93,,,,,,
Bangladesh,5.155,0.351,26.1,26.18,26.02,94,108.0,120.0,92.0,68.0,22.0,56.0
Liberia,5.122,0.926,25.915,25.94,25.89,97,,,,,,
Maldives,5.198,,28.275,28.37,28.18,89,,,,,,
Ghana,5.088,,28.314999999999998,28.36,28.27,95,101.0,107.0,93.0,97.0,56.0,26.0
Niger,5.074,0.922,28.265,28.19,28.34,96,,,,,,
Benin,5.045,1.517,28.575,28.57,28.58,99,40.0,116.0,109.0,101.0,73.0,110.0
Pakistan,5.693,0.401,22.02,22.14,21.9,66,86.0,134.0,114.0,110.0,120.0,38.0
Qatar,6.374,,28.905,28.7,29.11,29,,,,,,
Lebanon,5.197,0.266,16.34,16.36,16.32,91,64.0,75.0,70.0,41.0,128.0,65.0
Bhutan,5.082,,10.765,10.81,10.72,95,,,,,,
Jordan,5.161,,20.37,20.3,20.44,90,109.0,81.0,97.0,37.0,86.0,118.0
Somalia,4.982,,27.19,27.28,27.1,98,,,,,,
Suriname,6.269,0.0,27.355,27.6,27.11,40,,,,,,
Tunisia,5.045,0.219,21.41,21.62,21.2,98,63.0,127.0,84.0,55.0,88.0,138.0
Zambia,5.129,0.123,22.175,22.28,22.07,85,122.0,116.0,120.0,126.0,46.0,93.0
Lesotho,4.898,0.0,13.02,13.21,12.83,97,,,,,,
Eswatini,4.867,0.0,,,,101,,,,,,
