tablescraper-selected-row,tablescraper-selected-row href,tablescraper-selected-row 2,tablescraper-selected-row 3,d-none
Burkina Faso,https://tradingeconomics.com/burkina-faso/temperature,29.94,29.98,Dec/24
Mali,https://tradingeconomics.com/mali/temperature,29.69,29.71,Dec/24
Aruba,https://tradingeconomics.com/aruba/temperature,29.63,29.45,Dec/24
Senegal,https://tradingeconomics.com/senegal/temperature,29.41,29.67,Dec/24
Mauritania,https://tradingeconomics.com/mauritania/temperature,29.25,29.39,Dec/24
Djibouti,https://tradingeconomics.com/djibouti/temperature,29.22,28.6,Dec/24
Gambia,https://tradingeconomics.com/gambia/temperature,28.84,29.15,Dec/24
Qatar,https://tradingeconomics.com/qatar/temperature,28.7,29.11,Dec/24
Marshall Islands,https://tradingeconomics.com/marshall-islands/temperature,28.62,28.3,Dec/24
United Arab Emirates,https://tradingeconomics.com/united-arab-emirates/temperature,28.62,28.94,Dec/24
Bahrain,https://tradingeconomics.com/bahrain/temperature,28.57,28.88,Dec/24
Benin,https://tradingeconomics.com/benin/temperature,28.57,28.58,Dec/24
St Kitts and Nevis,https://tradingeconomics.com/st-kitts-and-nevis/temperature,28.49,28.05,Dec/24
Guinea Bissau,https://tradingeconomics.com/guinea-bissau/temperature,28.47,28.68,Dec/24
Cayman Islands,https://tradingeconomics.com/cayman-islands/temperature,28.45,28.64,Dec/24
Singapore,https://tradingeconomics.com/singapore/temperature,28.41,28.11,Dec/24
Maldives,https://tradingeconomics.com/maldives/temperature,28.37,28.18,Dec/24
Ghana,https://tradingeconomics.com/ghana/temperature,28.36,28.27,Dec/24
Cambodia,https://tradingeconomics.com/cambodia/temperature,28.25,27.98,Dec/24
Antigua and Barbuda,https://tradingeconomics.com/antigua-and-barbuda/temperature,28.23,27.75,Dec/24
Oman,https://tradingeconomics.com/oman/temperature,28.22,28.35,Dec/24
Niger,https://tradingeconomics.com/niger/temperature,28.19,28.34,Dec/24
Samoa,https://tradingeconomics.com/samoa/temperature,28.13,27.72,Dec/24
Togo,https://tradingeconomics.com/togo/temperature,28.06,27.94,Dec/24
Micronesia,https://tradingeconomics.com/micronesia/temperature,27.96,27.68,Dec/24
American Samoa,https://tradingeconomics.com/american-samoa/temperature,27.92,27.5,Dec/24
Guam,https://tradingeconomics.com/guam/temperature,27.91,27.67,Dec/24
St Lucia,https://tradingeconomics.com/st-lucia/temperature,27.88,27.37,Dec/24
Virgin Islands,https://tradingeconomics.com/virgin-islands/temperature,27.88,27.52,Dec/24
Sri Lanka,https://tradingeconomics.com/sri-lanka/temperature,27.86,27.41,Dec/24
Kiribati,https://tradingeconomics.com/kiribati/temperature,27.81,27.79,Dec/24
Palau,https://tradingeconomics.com/palau/temperature,27.81,27.26,Dec/24
Thailand,https://tradingeconomics.com/thailand/temperature,27.79,27.5,Dec/24
Sudan,https://tradingeconomics.com/sudan/temperature,27.73,27.8,Dec/24
Dominica,https://tradingeconomics.com/dominica/temperature,27.7,27.2,Dec/24
Nigeria,https://tradingeconomics.com/nigeria/temperature,27.65,27.72,Dec/24
Seychelles,https://tradingeconomics.com/seychelles/temperature,27.64,27.57,Dec/24
Trinidad and Tobago,https://tradingeconomics.com/trinidad-and-tobago/temperature,27.62,27.11,Dec/24
Suriname,https://tradingeconomics.com/suriname/temperature,27.6,27.11,Dec/24
Northern Mariana Islands,https://tradingeconomics.com/northern-mariana-islands/temperature,27.49,27.35,Dec/24
Barbados,https://tradingeconomics.com/barbados/temperature,27.41,26.88,Dec/24
Chad,https://tradingeconomics.com/chad/temperature,27.41,27.49,Dec/24
Ivory Coast,https://tradingeconomics.com/ivory-coast/temperature,27.38,27.32,Dec/24
Somalia,https://tradingeconomics.com/somalia/temperature,27.28,27.1,Dec/24
Kuwait,https://tradingeconomics.com/kuwait/temperature,27.27,27.53,Dec/24
Grenada,https://tradingeconomics.com/grenada/temperature,27.23,26.76,Dec/24
Eritrea,https://tradingeconomics.com/eritrea/temperature,27.19,26.87,Dec/24
Philippines,https://tradingeconomics.com/philippines/temperature,27.16,26.92,Dec/24
Guyana,https://tradingeconomics.com/guyana/temperature,27.11,26.64,Dec/24
St Vincent and the Grenadines,https://tradingeconomics.com/st-vincent-and-the-grenadines/temperature,27.07,26.56,Dec/24
Malaysia,https://tradingeconomics.com/malaysia/temperature,27.06,26.78,Dec/24
Sierra Leone,https://tradingeconomics.com/sierra-leone/temperature,26.99,27.22,Dec/24
Jamaica,https://tradingeconomics.com/jamaica/temperature,26.66,26.62,Dec/24
Belize,https://tradingeconomics.com/belize/temperature,26.63,26.43,Dec/24
Guinea,https://tradingeconomics.com/guinea/temperature,26.6,26.59,Dec/24
Nicaragua,https://tradingeconomics.com/nicaragua/temperature,26.56,26.52,Dec/24
Cuba,https://tradingeconomics.com/cuba/temperature,26.42,26.69,Dec/24
Indonesia,https://tradingeconomics.com/indonesia/temperature,26.38,26.16,Dec/24
Saudi Arabia,https://tradingeconomics.com/saudi-arabia/temperature,26.35,26.53,Dec/24
Bahamas,https://tradingeconomics.com/bahamas/temperature,26.28,26.54,Dec/24
Venezuela,https://tradingeconomics.com/venezuela/temperature,26.27,26.0,Dec/24
Bangladesh,https://tradingeconomics.com/bangladesh/temperature,26.18,26.02,Dec/24
Panama,https://tradingeconomics.com/panama/temperature,26.13,26.04,Dec/24
Brazil,https://tradingeconomics.com/brazil/temperature,26.02,25.92,Dec/24
El Salvador,https://tradingeconomics.com/el-salvador/temperature,26.01,25.86,Dec/24
Yemen,https://tradingeconomics.com/yemen/temperature,26.0,25.92,Dec/24
Liberia,https://tradingeconomics.com/liberia/temperature,25.94,25.89,Dec/24
Solomon Islands,https://tradingeconomics.com/solomon-islands/temperature,25.89,25.89,Dec/24
Puerto Rico,https://tradingeconomics.com/puerto-rico/temperature,25.86,25.52,Dec/24
Haiti,https://tradingeconomics.com/haiti/temperature,25.8,25.59,Dec/24
Gabon,https://tradingeconomics.com/gabon/temperature,25.64,25.25,Dec/24
Tonga,https://tradingeconomics.com/tonga/temperature,25.62,25.14,Dec/24
Dominican Republic,https://tradingeconomics.com/dominican-republic/temperature,25.6,25.26,Dec/24
Colombia,https://tradingeconomics.com/colombia/temperature,25.58,25.32,Dec/24
Honduras,https://tradingeconomics.com/honduras/temperature,25.54,25.4,Dec/24
Vietnam,https://tradingeconomics.com/vietnam/temperature,25.54,25.49,Dec/24
India,https://tradingeconomics.com/india/temperature,25.43,25.03,Dec/24
Mayotte,https://tradingeconomics.com/mayotte/temperature,25.43,25.52,Dec/24
Central African Republic,https://tradingeconomics.com/central-african-republic/temperature,25.42,25.42,Dec/24
Fiji,https://tradingeconomics.com/fiji/temperature,25.33,25.2,Dec/24
Republic of the Congo,https://tradingeconomics.com/republic-of-the-congo/temperature,25.28,24.89,Dec/24
Kenya,https://tradingeconomics.com/kenya/temperature,25.23,25.55,Dec/24
Costa Rica,https://tradingeconomics.com/costa-rica/temperature,25.21,25.41,Dec/24
Mozambique,https://tradingeconomics.com/mozambique/temperature,25.18,24.79,Dec/24
Cameroon,https://tradingeconomics.com/cameroon/temperature,25.12,25.03,Dec/24
Laos,https://tradingeconomics.com/laos/temperature,25.05,24.93,Dec/24
Equatorial Guinea,https://tradingeconomics.com/equatorial-guinea/temperature,25.03,24.76,Dec/24
Paraguay,https://tradingeconomics.com/paraguay/temperature,24.85,25.07,Dec/24
Papua New Guinea,https://tradingeconomics.com/papua-new-guinea/temperature,24.83,24.77,Dec/24
Sao Tome and Principe,https://tradingeconomics.com/sao-tome-and-principe/temperature,24.82,24.66,Dec/24
Vanuatu,https://tradingeconomics.com/vanuatu/temperature,24.82,24.39,Dec/24
French Polynesia,https://tradingeconomics.com/french-polynesia/temperature,24.65,24.71,Dec/24
Guatemala,https://tradingeconomics.com/guatemala/temperature,24.58,24.38,Dec/24
Myanmar,https://tradingeconomics.com/myanmar/temperature,24.58,24.48,Dec/24
Congo,https://tradingeconomics.com/congo/temperature,24.42,24.37,Dec/24
Comoros,https://tradingeconomics.com/comoros/temperature,24.39,24.37,Dec/24
Hong Kong,https://tradingeconomics.com/hong-kong/temperature,24.23,24.09,Dec/24
Algeria,https://tradingeconomics.com/algeria/temperature,24.18,23.99,Dec/24
Ethiopia,https://tradingeconomics.com/ethiopia/temperature,24.17,23.75,Dec/24
Macau,https://tradingeconomics.com/macau/temperature,23.99,23.84,Dec/24
Egypt,https://tradingeconomics.com/egypt/temperature,23.95,23.95,Dec/24
Mauritius,https://tradingeconomics.com/mauritius/temperature,23.88,24.11,Dec/24
Iraq,https://tradingeconomics.com/iraq/temperature,23.85,24.06,Dec/24
New Caledonia,https://tradingeconomics.com/new-caledonia/temperature,23.39,22.68,Dec/24
Libya,https://tradingeconomics.com/libya/temperature,23.26,22.95,Dec/24
Malawi,https://tradingeconomics.com/malawi/temperature,23.24,22.94,Dec/24
Uganda,https://tradingeconomics.com/uganda/temperature,23.12,23.54,Dec/24
Madagascar,https://tradingeconomics.com/madagascar/temperature,23.1,23.09,Dec/24
Tanzania,https://tradingeconomics.com/tanzania/temperature,23.02,23.21,Dec/24
Cape Verde,https://tradingeconomics.com/cape-verde/temperature,22.87,23.08,Dec/24
Australia,https://tradingeconomics.com/australia/temperature,22.77,22.31,Dec/24
Mexico,https://tradingeconomics.com/mexico/temperature,22.68,22.23,Dec/24
Botswana,https://tradingeconomics.com/botswana/temperature,22.54,22.18,Dec/24
Zimbabwe,https://tradingeconomics.com/zimbabwe/temperature,22.53,22.09,Dec/24
Zambia,https://tradingeconomics.com/zambia/temperature,22.28,22.07,Dec/24
Pakistan,https://tradingeconomics.com/pakistan/temperature,22.14,21.9,Dec/24
Bolivia,https://tradingeconomics.com/bolivia/temperature,21.8,21.96,Dec/24
Ecuador,https://tradingeconomics.com/ecuador/temperature,21.79,22.29,Dec/24
Angola,https://tradingeconomics.com/angola/temperature,21.71,21.56,Dec/24
Tunisia,https://tradingeconomics.com/tunisia/temperature,21.62,21.2,Dec/24
Swaziland,https://tradingeconomics.com/swaziland/temperature,21.44,21.06,Dec/24
Taiwan,https://tradingeconomics.com/taiwan/temperature,21.22,20.91,Dec/24
Israel,https://tradingeconomics.com/israel/temperature,20.95,21.02,Dec/24
Namibia,https://tradingeconomics.com/namibia/temperature,20.89,20.53,Dec/24
Malta,https://tradingeconomics.com/malta/temperature,20.62,20.27,Dec/24
Palestine,https://tradingeconomics.com/palestine/temperature,20.34,20.45,Dec/24
Jordan,https://tradingeconomics.com/jordan/temperature,20.3,20.44,Dec/24
Burundi,https://tradingeconomics.com/burundi/temperature,20.27,20.83,Dec/24
Cyprus,https://tradingeconomics.com/cyprus/temperature,20.18,19.87,Dec/24
Peru,https://tradingeconomics.com/peru/temperature,20.17,20.93,Dec/24
Syria,https://tradingeconomics.com/syria/temperature,19.79,19.78,Dec/24
Iran,https://tradingeconomics.com/iran/temperature,19.18,19.61,Dec/24
Morocco,https://tradingeconomics.com/morocco/temperature,19.18,19.16,Dec/24
South Africa,https://tradingeconomics.com/south-africa/temperature,18.99,18.58,Dec/24
Rwanda,https://tradingeconomics.com/rwanda/temperature,18.91,19.51,Dec/24
Uruguay,https://tradingeconomics.com/uruguay/temperature,18.44,18.93,Dec/24
Turkmenistan,https://tradingeconomics.com/turkmenistan/temperature,17.34,18.3,Dec/24
Portugal,https://tradingeconomics.com/portugal/temperature,16.92,17.06,Dec/24
Lebanon,https://tradingeconomics.com/lebanon/temperature,16.36,16.32,Dec/24
Greece,https://tradingeconomics.com/greece/temperature,16.05,15.71,Dec/24
Argentina,https://tradingeconomics.com/argentina/temperature,15.56,15.95,Dec/24
Spain,https://tradingeconomics.com/spain/temperature,15.1,15.16,Dec/24
Uzbekistan,https://tradingeconomics.com/uzbekistan/temperature,14.59,15.64,Dec/24
Italy,https://tradingeconomics.com/italy/temperature,14.58,14.39,Dec/24
Monaco,https://tradingeconomics.com/monaco/temperature,14.47,14.81,Dec/24
Nepal,https://tradingeconomics.com/nepal/temperature,14.46,14.14,Dec/24
San Marino,https://tradingeconomics.com/san-marino/temperature,14.3,13.94,Dec/24
Albania,https://tradingeconomics.com/albania/temperature,14.29,13.86,Dec/24
Afghanistan,https://tradingeconomics.com/afghanistan/temperature,14.24,14.61,Dec/24
Azerbaijan,https://tradingeconomics.com/azerbaijan/temperature,13.94,14.21,Dec/24
Croatia,https://tradingeconomics.com/croatia/temperature,13.82,13.42,Dec/24
South Korea,https://tradingeconomics.com/south-korea/temperature,13.64,13.32,Dec/24
Hungary,https://tradingeconomics.com/hungary/temperature,13.53,13.1,Dec/24
Serbia,https://tradingeconomics.com/serbia/temperature,13.43,13.0,Dec/24
Bulgaria,https://tradingeconomics.com/bulgaria/temperature,13.24,13.05,Dec/24
Lesotho,https://tradingeconomics.com/lesotho/temperature,13.21,12.83,Dec/24
Turkey,https://tradingeconomics.com/turkey/temperature,13.16,12.93,Dec/24
Japan,https://tradingeconomics.com/japan/temperature,13.11,13.0,Dec/24
Moldova,https://tradingeconomics.com/moldova/temperature,12.92,12.69,Dec/24
France,https://tradingeconomics.com/france/temperature,12.65,13.02,Dec/24
Macedonia,https://tradingeconomics.com/macedonia/temperature,12.6,12.26,Dec/24
Romania,https://tradingeconomics.com/romania/temperature,12.27,11.9,Dec/24
Bosnia and Herzegovina,https://tradingeconomics.com/bosnia-and-herzegovina/temperature,12.23,11.78,Dec/24
Belgium,https://tradingeconomics.com/belgium/temperature,11.77,11.92,Dec/24
Netherlands,https://tradingeconomics.com/netherlands/temperature,11.77,11.68,Dec/24
Montenegro,https://tradingeconomics.com/montenegro/temperature,11.71,11.3,Dec/24
Slovenia,https://tradingeconomics.com/slovenia/temperature,11.65,11.31,Dec/24
Ukraine,https://tradingeconomics.com/ukraine/temperature,11.21,10.85,Dec/24
Germany,https://tradingeconomics.com/germany/temperature,11.19,10.89,Dec/24
Luxembourg,https://tradingeconomics.com/luxembourg/temperature,11.11,11.34,Dec/24
Slovakia,https://tradingeconomics.com/slovakia/temperature,11.08,10.54,Dec/24
Poland,https://tradingeconomics.com/poland/temperature,10.91,10.25,Dec/24
New Zealand,https://tradingeconomics.com/new-zealand/temperature,10.9,11.2,Dec/24
Bhutan,https://tradingeconomics.com/bhutan/temperature,10.81,10.72,Dec/24
United States,https://tradingeconomics.com/united-states/temperature,10.73,10.25,Dec/24
Czech Republic,https://tradingeconomics.com/czech-republic/temperature,10.59,10.06,Dec/24
Georgia,https://tradingeconomics.com/georgia/temperature,10.32,10.39,Dec/24
Ireland,https://tradingeconomics.com/ireland/temperature,10.25,10.65,Dec/24
Denmark,https://tradingeconomics.com/denmark/temperature,10.03,9.56,Dec/24
Isle of Man,https://tradingeconomics.com/isle-of-man/temperature,9.89,9.92,Dec/21
United Kingdom,https://tradingeconomics.com/united-kingdom/temperature,9.88,10.14,Dec/24
Chile,https://tradingeconomics.com/chile/temperature,9.73,10.06,Dec/24
Belarus,https://tradingeconomics.com/belarus/temperature,9.34,8.82,Dec/24
Austria,https://tradingeconomics.com/austria/temperature,9.26,8.84,Dec/24
Lithuania,https://tradingeconomics.com/lithuania/temperature,9.21,8.58,Dec/24
Andorra,https://tradingeconomics.com/andorra/temperature,9.14,9.56,Dec/24
Liechtenstein,https://tradingeconomics.com/liechtenstein/temperature,9.07,9.12,Dec/24
Armenia,https://tradingeconomics.com/armenia/temperature,8.87,9.02,Dec/24
China,https://tradingeconomics.com/china/temperature,8.52,8.41,Dec/24
Latvia,https://tradingeconomics.com/latvia/temperature,8.51,7.86,Dec/24
North Korea,https://tradingeconomics.com/north-korea/temperature,8.33,8.07,Dec/24
Kazakhstan,https://tradingeconomics.com/kazakhstan/temperature,7.93,8.93,Dec/24
Switzerland,https://tradingeconomics.com/switzerland/temperature,7.82,7.98,Dec/24
Estonia,https://tradingeconomics.com/estonia/temperature,7.58,6.91,Dec/24
Faroe Islands,https://tradingeconomics.com/faeroe-islands/temperature,6.6,6.78,Dec/24
Tajikistan,https://tradingeconomics.com/tajikistan/temperature,5.0,5.7,Dec/24
Sweden,https://tradingeconomics.com/sweden/temperature,4.19,3.38,Dec/24
Finland,https://tradingeconomics.com/finland/temperature,3.59,2.87,Dec/24
Kyrgyzstan,https://tradingeconomics.com/kyrgyzstan/temperature,3.54,4.34,Dec/24
Norway,https://tradingeconomics.com/norway/temperature,3.11,2.28,Dec/24
Mongolia,https://tradingeconomics.com/mongolia/temperature,2.36,1.82,Dec/24
Iceland,https://tradingeconomics.com/iceland/temperature,1.24,1.77,Dec/24
Russia,https://tradingeconomics.com/russia/temperature,,,Dec/24
Canada,https://tradingeconomics.com/canada/temperature,,,Dec/24
Greenland,https://tradingeconomics.com/greenland/temperature,,,Dec/24
