tablescraper-selected-row,mw-file-element src,tablescraper-selected-row 2,tablescraper-selected-row href,tablescraper-selected-row 3,tablescraper-selected-row 4
1,https://upload.wikimedia.org/wikipedia/commons/thumb/3/31/Flag_of_Burkina_Faso.svg/40px-Flag_of_Burkina_Faso.svg.png,Burkina Faso,https://en.wikipedia.org/wiki/Burkina_Faso,Africa,30.40 °C (86.72 °F)
2,https://upload.wikimedia.org/wikipedia/commons/thumb/9/92/Flag_of_Mali.svg/40px-Flag_of_Mali.svg.png,Mali,https://en.wikipedia.org/wiki/Mali,Africa,29.21 °C (84.58 °F)
3,https://upload.wikimedia.org/wikipedia/commons/thumb/f/f6/Flag_of_Aruba.svg/40px-Flag_of_Aruba.svg.png,Aruba,https://en.wikipedia.org/wiki/Aruba,South America,29.17 °C (84.51 °F)
4,https://upload.wikimedia.org/wikipedia/commons/thumb/f/fd/Flag_of_Senegal.svg/40px-Flag_of_Senegal.svg.png,Senegal,https://en.wikipedia.org/wiki/Senegal,Africa,28.90 °C (84.02 °F)
5,https://upload.wikimedia.org/wikipedia/commons/thumb/4/43/Flag_of_Mauritania.svg/40px-Flag_of_Mauritania.svg.png,Mauritania,https://en.wikipedia.org/wiki/Mauritania,Africa,28.82 °C (83.88 °F)
6,https://upload.wikimedia.org/wikipedia/commons/thumb/8/8e/Flag_of_Tokelau.svg/40px-Flag_of_Tokelau.svg.png,Tokelau,https://en.wikipedia.org/wiki/Tokelau,Oceania,28.71 °C (83.68 °F)
7,https://upload.wikimedia.org/wikipedia/commons/thumb/3/38/Flag_of_Tuvalu.svg/40px-Flag_of_Tuvalu.svg.png,Tuvalu,https://en.wikipedia.org/wiki/Tuvalu,Oceania,28.62 °C (83.52 °F)
8,https://upload.wikimedia.org/wikipedia/commons/thumb/3/34/Flag_of_Djibouti.svg/40px-Flag_of_Djibouti.svg.png,Djibouti,https://en.wikipedia.org/wiki/Djibouti,Africa,28.49 °C (83.28 °F)
9,https://upload.wikimedia.org/wikipedia/commons/thumb/b/b1/Flag_of_Cura%C3%A7ao.svg/40px-Flag_of_Cura%C3%A7ao.svg.png,Curaçao,https://en.wikipedia.org/wiki/Cura%C3%A7ao,North America,28.40 °C (83.12 °F)
10,https://upload.wikimedia.org/wikipedia/commons/thumb/7/77/Flag_of_The_Gambia.svg/40px-Flag_of_The_Gambia.svg.png,Gambia,https://en.wikipedia.org/wiki/The_Gambia,Africa,28.38 °C (83.08 °F)
11,https://upload.wikimedia.org/wikipedia/commons/thumb/c/cb/Flag_of_the_United_Arab_Emirates.svg/40px-Flag_of_the_United_Arab_Emirates.svg.png,United Arab Emirates,https://en.wikipedia.org/wiki/United_Arab_Emirates,Asia,28.17 °C (82.71 °F)
12,https://upload.wikimedia.org/wikipedia/commons/thumb/0/0f/Flag_of_Maldives.svg/40px-Flag_of_Maldives.svg.png,Maldives,https://en.wikipedia.org/wiki/Maldives,Asia,28.11 °C (82.60 °F)
13,https://upload.wikimedia.org/wikipedia/commons/thumb/f/f4/Flag_of_Niger.svg/20px-Flag_of_Niger.svg.png,Niger,https://en.wikipedia.org/wiki/Niger,Africa,28.04 °C (82.47 °F)
14,https://upload.wikimedia.org/wikipedia/commons/thumb/0/0a/Flag_of_Benin.svg/40px-Flag_of_Benin.svg.png,Benin,https://en.wikipedia.org/wiki/Benin,Africa,28.02 °C (82.44 °F)
15,https://upload.wikimedia.org/wikipedia/commons/thumb/6/65/Flag_of_Qatar.svg/40px-Flag_of_Qatar.svg.png,Qatar,https://en.wikipedia.org/wiki/Qatar,Asia,28.02 °C (82.44 °F)
16,https://upload.wikimedia.org/wikipedia/commons/thumb/2/2e/Flag_of_the_Marshall_Islands.svg/40px-Flag_of_the_Marshall_Islands.svg.png,Marshall Islands,https://en.wikipedia.org/wiki/Marshall_Islands,Oceania,28.01 °C (82.42 °F)
17,https://upload.wikimedia.org/wikipedia/commons/thumb/0/01/Flag_of_Guinea-Bissau.svg/40px-Flag_of_Guinea-Bissau.svg.png,Guinea-Bissau,https://en.wikipedia.org/wiki/Guinea-Bissau,Africa,27.98 °C (82.36 °F)
18,https://upload.wikimedia.org/wikipedia/commons/thumb/7/7a/Flag_of_South_Sudan.svg/40px-Flag_of_South_Sudan.svg.png,South Sudan,https://en.wikipedia.org/wiki/South_Sudan,Africa,27.97 °C (82.35 °F)
19,https://upload.wikimedia.org/wikipedia/commons/thumb/0/01/Flag_of_Sudan.svg/40px-Flag_of_Sudan.svg.png,Sudan,https://en.wikipedia.org/wiki/Sudan,Africa,27.95 °C (82.31 °F)
20,https://upload.wikimedia.org/wikipedia/commons/thumb/4/48/Flag_of_Palau.svg/40px-Flag_of_Palau.svg.png,Palau,https://en.wikipedia.org/wiki/Palau,Oceania,27.90 °C (82.22 °F)
21,https://upload.wikimedia.org/wikipedia/commons/thumb/3/30/Flag_of_Nauru.svg/40px-Flag_of_Nauru.svg.png,Nauru,https://en.wikipedia.org/wiki/Nauru,Oceania,27.83 °C (82.09 °F)
22,https://upload.wikimedia.org/wikipedia/commons/thumb/0/0f/Flag_of_the_Cayman_Islands.svg/40px-Flag_of_the_Cayman_Islands.svg.png,Cayman Islands,https://en.wikipedia.org/wiki/Cayman_Islands,North America,27.82 °C (82.08 °F)
23,https://upload.wikimedia.org/wikipedia/commons/thumb/0/07/Flag_of_Guam.svg/40px-Flag_of_Guam.svg.png,Guam,https://en.wikipedia.org/wiki/Guam,Oceania,27.81 °C (82.06 °F)
24,https://upload.wikimedia.org/wikipedia/commons/thumb/d/d3/Flag_of_Kiribati.svg/40px-Flag_of_Kiribati.svg.png,Kiribati,https://en.wikipedia.org/wiki/Kiribati,Oceania,27.77 °C (81.99 °F)
25,https://upload.wikimedia.org/wikipedia/commons/thumb/b/b4/Flag_of_Anguilla.svg/40px-Flag_of_Anguilla.svg.png,Anguilla,https://en.wikipedia.org/wiki/Anguilla,North America,27.71 °C (81.88 °F)
26,https://upload.wikimedia.org/wikipedia/en/thumb/c/c3/Flag_of_France.svg/40px-Flag_of_France.svg.png,Saint Martin,https://en.wikipedia.org/wiki/Collectivity_of_Saint_Martin,North America,27.71 °C (81.88 °F)
27,https://upload.wikimedia.org/wikipedia/commons/thumb/d/d3/Flag_of_Sint_Maarten.svg/40px-Flag_of_Sint_Maarten.svg.png,Sint Maarten,https://en.wikipedia.org/wiki/Sint_Maarten,North America,27.71 °C (81.88 °F)
28,https://upload.wikimedia.org/wikipedia/commons/thumb/2/2c/Flag_of_Bahrain.svg/40px-Flag_of_Bahrain.svg.png,Bahrain,https://en.wikipedia.org/wiki/Bahrain,Asia,27.69 °C (81.84 °F)
29,https://upload.wikimedia.org/wikipedia/commons/thumb/4/48/Flag_of_Singapore.svg/40px-Flag_of_Singapore.svg.png,Singapore,https://en.wikipedia.org/wiki/Singapore,Asia,27.68 °C (81.82 °F)
30,https://upload.wikimedia.org/wikipedia/commons/thumb/1/19/Flag_of_Ghana.svg/40px-Flag_of_Ghana.svg.png,Ghana,https://en.wikipedia.org/wiki/Ghana,Africa,27.66 °C (81.79 °F)
31,https://upload.wikimedia.org/wikipedia/commons/thumb/d/dd/Flag_of_Oman.svg/40px-Flag_of_Oman.svg.png,Oman,https://en.wikipedia.org/wiki/Oman,Asia,27.64 °C (81.75 °F)
32,https://upload.wikimedia.org/wikipedia/commons/thumb/4/4b/Flag_of_Chad.svg/40px-Flag_of_Chad.svg.png,Chad,https://en.wikipedia.org/wiki/Chad,Africa,27.63 °C (81.73 °F)
33,https://upload.wikimedia.org/wikipedia/commons/thumb/6/65/Flag_of_the_Commissioner_of_the_British_Indian_Ocean_Territory.svg/40px-Flag_of_the_Commissioner_of_the_British_Indian_Ocean_Territory.svg.png,British Indian Ocean Territory,https://en.wikipedia.org/wiki/British_Indian_Ocean_Territory,Africa,27.61 °C (81.70 °F)
34,https://upload.wikimedia.org/wikipedia/commons/thumb/e/e0/Flag_of_the_Northern_Mariana_Islands.svg/40px-Flag_of_the_Northern_Mariana_Islands.svg.png,Northern Mariana Islands,https://en.wikipedia.org/wiki/Northern_Mariana_Islands,Oceania,27.60 °C (81.68 °F)
35,https://upload.wikimedia.org/wikipedia/commons/thumb/3/31/Flag_of_Samoa.svg/40px-Flag_of_Samoa.svg.png,Samoa,https://en.wikipedia.org/wiki/Samoa,Oceania,27.58 °C (81.64 °F)
36,https://upload.wikimedia.org/wikipedia/commons/thumb/2/20/Flag_of_the_Netherlands.svg/40px-Flag_of_the_Netherlands.svg.png,Caribbean Netherlands,https://en.wikipedia.org/wiki/Caribbean_Netherlands,North America,27.47 °C (81.45 °F)
37,https://upload.wikimedia.org/wikipedia/commons/thumb/f/fe/Flag_of_Saint_Kitts_and_Nevis.svg/40px-Flag_of_Saint_Kitts_and_Nevis.svg.png,Saint Kitts and Nevis,https://en.wikipedia.org/wiki/Saint_Kitts_and_Nevis,North America,27.47 °C (81.45 °F)
38,https://upload.wikimedia.org/wikipedia/commons/thumb/8/83/Flag_of_Cambodia.svg/40px-Flag_of_Cambodia.svg.png,Cambodia,https://en.wikipedia.org/wiki/Cambodia,Asia,27.41 °C (81.34 °F)
39,https://upload.wikimedia.org/wikipedia/commons/thumb/8/87/Flag_of_American_Samoa.svg/40px-Flag_of_American_Samoa.svg.png,American Samoa,https://en.wikipedia.org/wiki/American_Samoa,Oceania,27.38 °C (81.28 °F)
40,https://upload.wikimedia.org/wikipedia/commons/thumb/7/7a/Flag_of_Togo_%283-2%29.svg/40px-Flag_of_Togo_%283-2%29.svg.png,Togo,https://en.wikipedia.org/wiki/Togo,Africa,27.33 °C (81.19 °F)
41,https://upload.wikimedia.org/wikipedia/commons/thumb/7/79/Flag_of_Nigeria.svg/40px-Flag_of_Nigeria.svg.png,Nigeria,https://en.wikipedia.org/wiki/Nigeria,Africa,27.30 °C (81.14 °F)
42,https://upload.wikimedia.org/wikipedia/en/thumb/c/c3/Flag_of_France.svg/40px-Flag_of_France.svg.png,Wallis and Futuna,https://en.wikipedia.org/wiki/Wallis_and_Futuna,Oceania,27.30 °C (81.14 °F)
43,https://upload.wikimedia.org/wikipedia/commons/thumb/e/e4/Flag_of_the_Federated_States_of_Micronesia.svg/40px-Flag_of_the_Federated_States_of_Micronesia.svg.png,Federated States of Micronesia,https://en.wikipedia.org/wiki/Federated_States_of_Micronesia,Oceania,27.28 °C (81.10 °F)
44,https://upload.wikimedia.org/wikipedia/commons/thumb/1/11/Flag_of_Sri_Lanka.svg/40px-Flag_of_Sri_Lanka.svg.png,Sri Lanka,https://en.wikipedia.org/wiki/Sri_Lanka,Asia,27.25 °C (81.05 °F)
45,https://upload.wikimedia.org/wikipedia/commons/thumb/8/89/Flag_of_Antigua_and_Barbuda.svg/40px-Flag_of_Antigua_and_Barbuda.svg.png,Antigua and Barbuda,https://en.wikipedia.org/wiki/Antigua_and_Barbuda,North America,27.20 °C (80.96 °F)
46,https://upload.wikimedia.org/wikipedia/commons/thumb/f/fc/Flag_of_Seychelles.svg/40px-Flag_of_Seychelles.svg.png,Seychelles,https://en.wikipedia.org/wiki/Seychelles,Africa,27.09 °C (80.76 °F)
47,https://upload.wikimedia.org/wikipedia/commons/thumb/9/9f/Flag_of_Saint_Lucia.svg/40px-Flag_of_Saint_Lucia.svg.png,Saint Lucia,https://en.wikipedia.org/wiki/Saint_Lucia,North America,27.00 °C (80.60 °F)
48,https://upload.wikimedia.org/wikipedia/commons/thumb/f/f8/Flag_of_the_United_States_Virgin_Islands.svg/40px-Flag_of_the_United_States_Virgin_Islands.svg.png,United States Virgin Islands,https://en.wikipedia.org/wiki/United_States_Virgin_Islands,North America,26.98 °C (80.56 °F)
49,https://upload.wikimedia.org/wikipedia/commons/thumb/9/9c/Flag_of_Brunei.svg/40px-Flag_of_Brunei.svg.png,Brunei,https://en.wikipedia.org/wiki/Brunei,Asia,26.95 °C (80.51 °F)
50,https://upload.wikimedia.org/wikipedia/commons/thumb/a/a0/Flag_of_Somalia.svg/40px-Flag_of_Somalia.svg.png,Somalia,https://en.wikipedia.org/wiki/Somalia,Africa,26.95 °C (80.51 °F)
51,https://upload.wikimedia.org/wikipedia/commons/thumb/a/a9/Flag_of_Thailand.svg/40px-Flag_of_Thailand.svg.png,Thailand,https://en.wikipedia.org/wiki/Thailand,Asia,26.85 °C (80.33 °F)
52,https://upload.wikimedia.org/wikipedia/commons/thumb/c/c4/Flag_of_Dominica.svg/40px-Flag_of_Dominica.svg.png,Dominica,https://en.wikipedia.org/wiki/Dominica,North America,26.83 °C (80.29 °F)
53,https://upload.wikimedia.org/wikipedia/commons/thumb/f/fe/Flag_of_C%C3%B4te_d%27Ivoire.svg/40px-Flag_of_C%C3%B4te_d%27Ivoire.svg.png,Ivory Coast,https://en.wikipedia.org/wiki/Ivory_Coast,Africa,26.80 °C (80.24 °F)
54,,Cocos (Keeling) Islands,https://en.wikipedia.org/wiki/Cocos_(Keeling)_Islands,Oceania,26.79 °C (80.22 °F)
55,https://upload.wikimedia.org/wikipedia/commons/thumb/4/42/Flag_of_the_British_Virgin_Islands.svg/40px-Flag_of_the_British_Virgin_Islands.svg.png,British Virgin Islands,https://en.wikipedia.org/wiki/British_Virgin_Islands,North America,26.70 °C (80.06 °F)
56,https://upload.wikimedia.org/wikipedia/commons/thumb/2/29/Flag_of_Eritrea.svg/40px-Flag_of_Eritrea.svg.png,Eritrea,https://en.wikipedia.org/wiki/Eritrea,Africa,26.63 °C (79.93 °F)
57,https://upload.wikimedia.org/wikipedia/commons/thumb/e/ef/Flag_of_Barbados.svg/40px-Flag_of_Barbados.svg.png,Barbados,https://en.wikipedia.org/wiki/Barbados,North America,26.61 °C (79.90 °F)
58,https://upload.wikimedia.org/wikipedia/commons/thumb/6/60/Flag_of_Suriname.svg/40px-Flag_of_Suriname.svg.png,Suriname,https://en.wikipedia.org/wiki/Suriname,South America,26.58 °C (79.84 °F)
59,https://upload.wikimedia.org/wikipedia/commons/thumb/6/64/Flag_of_Trinidad_and_Tobago.svg/40px-Flag_of_Trinidad_and_Tobago.svg.png,Trinidad and Tobago,https://en.wikipedia.org/wiki/Trinidad_and_Tobago,North America,26.55 °C (79.79 °F)
60,https://upload.wikimedia.org/wikipedia/commons/thumb/1/17/Flag_of_Sierra_Leone.svg/40px-Flag_of_Sierra_Leone.svg.png,Sierra Leone,https://en.wikipedia.org/wiki/Sierra_Leone,Africa,26.54 °C (79.77 °F)
61,https://upload.wikimedia.org/wikipedia/commons/thumb/b/bc/Flag_of_Grenada.svg/40px-Flag_of_Grenada.svg.png,Grenada,https://en.wikipedia.org/wiki/Grenada,North America,26.49 °C (79.68 °F)
62,https://upload.wikimedia.org/wikipedia/commons/thumb/c/c1/Flag_of_Malaysia_23px.svg/40px-Flag_of_Malaysia_23px.svg.png,Malaysia,https://en.wikipedia.org/wiki/Malaysia,Asia,26.38 °C (79.48 °F)
63,https://upload.wikimedia.org/wikipedia/commons/thumb/a/aa/Flag_of_Kuwait.svg/40px-Flag_of_Kuwait.svg.png,Kuwait,https://en.wikipedia.org/wiki/Kuwait,Asia,26.31 °C (79.36 °F)
64,https://upload.wikimedia.org/wikipedia/commons/thumb/a/a0/Flag_of_the_Turks_and_Caicos_Islands.svg/40px-Flag_of_the_Turks_and_Caicos_Islands.svg.png,Turks and Caicos Islands,https://en.wikipedia.org/wiki/Turks_and_Caicos_Islands,North America,26.29 °C (79.32 °F)
65,https://upload.wikimedia.org/wikipedia/commons/thumb/6/6d/Flag_of_Saint_Vincent_and_the_Grenadines.svg/40px-Flag_of_Saint_Vincent_and_the_Grenadines.svg.png,Saint Vincent and the Grenadines,https://en.wikipedia.org/wiki/Saint_Vincent_and_the_Grenadines,North America,26.17 °C (79.11 °F)
66,https://upload.wikimedia.org/wikipedia/commons/thumb/9/99/Flag_of_Guyana.svg/40px-Flag_of_Guyana.svg.png,Guyana,https://en.wikipedia.org/wiki/Guyana,South America,26.12 °C (79.02 °F)
67,https://upload.wikimedia.org/wikipedia/commons/thumb/6/67/Flag_of_Christmas_Island.svg/40px-Flag_of_Christmas_Island.svg.png,Christmas Island,https://en.wikipedia.org/wiki/Christmas_Island,Oceania,26.06 °C (78.91 °F)
68,https://upload.wikimedia.org/wikipedia/commons/thumb/9/9f/Flag_of_Indonesia.svg/40px-Flag_of_Indonesia.svg.png,Indonesia,https://en.wikipedia.org/wiki/Indonesia,Asia,25.96 °C (78.73 °F)
69,https://upload.wikimedia.org/wikipedia/commons/thumb/0/0d/Flag_of_Saudi_Arabia.svg/40px-Flag_of_Saudi_Arabia.svg.png,Saudi Arabia,https://en.wikipedia.org/wiki/Saudi_Arabia,Asia,25.94 °C (78.69 °F)
70,https://upload.wikimedia.org/wikipedia/commons/thumb/7/74/Flag_of_the_Solomon_Islands.svg/40px-Flag_of_the_Solomon_Islands.svg.png,Solomon Islands,https://en.wikipedia.org/wiki/Solomon_Islands,Oceania,25.92 °C (78.66 °F)
71,https://upload.wikimedia.org/wikipedia/commons/thumb/0/0a/Flag_of_Jamaica.svg/40px-Flag_of_Jamaica.svg.png,Jamaica,https://en.wikipedia.org/wiki/Jamaica,North America,25.91 °C (78.64 °F)
72,https://upload.wikimedia.org/wikipedia/commons/thumb/1/19/Flag_of_Nicaragua.svg/40px-Flag_of_Nicaragua.svg.png,Nicaragua,https://en.wikipedia.org/wiki/Nicaragua,Central America,25.88 °C (78.58 °F)
73,https://upload.wikimedia.org/wikipedia/commons/thumb/e/ed/Flag_of_Guinea.svg/40px-Flag_of_Guinea.svg.png,Guinea,https://en.wikipedia.org/wiki/Guinea,Africa,25.86 °C (78.55 °F)
74,https://upload.wikimedia.org/wikipedia/commons/thumb/b/bd/Flag_of_Cuba.svg/40px-Flag_of_Cuba.svg.png,Cuba,https://en.wikipedia.org/wiki/Cuba,North America,25.81 °C (78.46 °F)
75,https://upload.wikimedia.org/wikipedia/commons/thumb/d/d0/Flag_of_Montserrat.svg/40px-Flag_of_Montserrat.svg.png,Montserrat,https://en.wikipedia.org/wiki/Montserrat,North America,25.75 °C (78.35 °F)
76,https://upload.wikimedia.org/wikipedia/commons/thumb/f/f9/Flag_of_Bangladesh.svg/40px-Flag_of_Bangladesh.svg.png,Bangladesh,https://en.wikipedia.org/wiki/Bangladesh,Asia,25.71 °C (78.28 °F)
77,https://upload.wikimedia.org/wikipedia/commons/thumb/0/06/Flag_of_Venezuela.svg/40px-Flag_of_Venezuela.svg.png,Venezuela,https://en.wikipedia.org/wiki/Venezuela,South America,25.71 °C (78.28 °F)
78,https://upload.wikimedia.org/wikipedia/commons/thumb/e/e7/Flag_of_Belize.svg/40px-Flag_of_Belize.svg.png,Belize,https://en.wikipedia.org/wiki/Belize,Central America,25.70 °C (78.26 °F)
79,https://upload.wikimedia.org/wikipedia/commons/thumb/a/ab/Flag_of_Panama.svg/40px-Flag_of_Panama.svg.png,Panama,https://en.wikipedia.org/wiki/Panama,Central America,25.60 °C (78.08 °F)
80,https://upload.wikimedia.org/wikipedia/commons/thumb/9/93/Flag_of_the_Bahamas.svg/40px-Flag_of_the_Bahamas.svg.png,Bahamas,https://en.wikipedia.org/wiki/The_Bahamas,North America,25.58 °C (78.04 °F)
81,https://upload.wikimedia.org/wikipedia/commons/thumb/8/89/Flag_of_Yemen.svg/40px-Flag_of_Yemen.svg.png,Yemen,https://en.wikipedia.org/wiki/Yemen,Asia,25.54 °C (77.97 °F)
82,https://upload.wikimedia.org/wikipedia/commons/thumb/6/6f/Flag_of_the_Central_African_Republic.svg/40px-Flag_of_the_Central_African_Republic.svg.png,Central African Republic,https://en.wikipedia.org/wiki/Central_African_Republic,Africa,25.47 °C (77.85 °F)
83,https://upload.wikimedia.org/wikipedia/commons/thumb/4/4f/Flag_of_Liberia_23px.svg/40px-Flag_of_Liberia_23px.svg.png,Liberia,https://en.wikipedia.org/wiki/Liberia,Africa,25.45 °C (77.81 °F)
84,https://upload.wikimedia.org/wikipedia/en/thumb/0/05/Flag_of_Brazil.svg/40px-Flag_of_Brazil.svg.png,Brazil,https://en.wikipedia.org/wiki/Brazil,South America,25.44 °C (77.79 °F)
85,https://upload.wikimedia.org/wikipedia/commons/thumb/3/34/Flag_of_El_Salvador.svg/40px-Flag_of_El_Salvador.svg.png,El Salvador,https://en.wikipedia.org/wiki/El_Salvador,Central America,25.23 °C (77.41 °F)
86,https://upload.wikimedia.org/wikipedia/commons/thumb/0/04/Flag_of_Gabon.svg/20px-Flag_of_Gabon.svg.png,Gabon,https://en.wikipedia.org/wiki/Gabon,Africa,25.20 °C (77.36 °F)
87,https://upload.wikimedia.org/wikipedia/commons/thumb/4/49/Flag_of_Kenya.svg/40px-Flag_of_Kenya.svg.png,Kenya,https://en.wikipedia.org/wiki/Kenya,Africa,25.08 °C (77.14 °F)
88,https://upload.wikimedia.org/wikipedia/commons/thumb/2/28/Flag_of_Puerto_Rico.svg/40px-Flag_of_Puerto_Rico.svg.png,Puerto Rico,https://en.wikipedia.org/wiki/Puerto_Rico,North America,25.04 °C (77.07 °F)
89,https://upload.wikimedia.org/wikipedia/commons/thumb/0/01/Flag_of_Niue.svg/40px-Flag_of_Niue.svg.png,Niue,https://en.wikipedia.org/wiki/Niue,Oceania,25.03 °C (77.05 °F)
90,https://upload.wikimedia.org/wikipedia/commons/thumb/9/9a/Flag_of_Tonga.svg/40px-Flag_of_Tonga.svg.png,Tonga,https://en.wikipedia.org/wiki/Tonga,Oceania,25.01 °C (77.02 °F)
91,https://upload.wikimedia.org/wikipedia/commons/thumb/2/21/Flag_of_Colombia.svg/40px-Flag_of_Colombia.svg.png,Colombia,https://en.wikipedia.org/wiki/Colombia,South America,25.00 °C (77.00 °F)
92,https://upload.wikimedia.org/wikipedia/commons/thumb/9/96/Flag_of_the_United_States_%28DDD-F-416E_specifications%29.svg/40px-Flag_of_the_United_States_%28DDD-F-416E_specifications%29.svg.png,United States Minor Outlying Islands,https://en.wikipedia.org/wiki/United_States_Minor_Outlying_Islands,Oceania and North America,24.97 °C (76.95 °F)
93,https://upload.wikimedia.org/wikipedia/commons/thumb/5/56/Flag_of_Haiti.svg/40px-Flag_of_Haiti.svg.png,Haiti,https://en.wikipedia.org/wiki/Haiti,North America,24.95 °C (76.91 °F)
94,https://upload.wikimedia.org/wikipedia/en/thumb/4/41/Flag_of_India.svg/40px-Flag_of_India.svg.png,India,https://en.wikipedia.org/wiki/India,Asia,24.94 °C (76.89 °F)
95,https://upload.wikimedia.org/wikipedia/commons/thumb/f/f2/Flag_of_Costa_Rica.svg/40px-Flag_of_Costa_Rica.svg.png,Costa Rica,https://en.wikipedia.org/wiki/Costa_Rica,Central America,24.83 °C (76.69 °F)
96,https://upload.wikimedia.org/wikipedia/commons/thumb/4/4f/Flag_of_Cameroon.svg/40px-Flag_of_Cameroon.svg.png,Cameroon,https://en.wikipedia.org/wiki/Cameroon,Africa,24.80 °C (76.64 °F)
97,https://upload.wikimedia.org/wikipedia/commons/thumb/2/21/Flag_of_Vietnam.svg/40px-Flag_of_Vietnam.svg.png,Vietnam,https://en.wikipedia.org/wiki/Vietnam,Asia,24.79 °C (76.62 °F)
98,https://upload.wikimedia.org/wikipedia/commons/thumb/9/92/Flag_of_the_Republic_of_the_Congo.svg/40px-Flag_of_the_Republic_of_the_Congo.svg.png,Republic of the Congo,https://en.wikipedia.org/wiki/Republic_of_the_Congo,Africa,24.74 °C (76.53 °F)
99,https://upload.wikimedia.org/wikipedia/commons/thumb/e/e3/Flag_of_Papua_New_Guinea.svg/20px-Flag_of_Papua_New_Guinea.svg.png,Papua New Guinea,https://en.wikipedia.org/wiki/Papua_New_Guinea,Oceania,24.74 °C (76.53 °F)
100,https://upload.wikimedia.org/wikipedia/commons/thumb/2/2f/Flag_of_Honduras_%282022%E2%80%93present%29.svg/40px-Flag_of_Honduras_%282022%E2%80%93present%29.svg.png,Honduras,https://en.wikipedia.org/wiki/Honduras,Central America,24.72 °C (76.50 °F)
101,https://upload.wikimedia.org/wikipedia/commons/thumb/3/35/Flag_of_the_Cook_Islands.svg/40px-Flag_of_the_Cook_Islands.svg.png,Cook Islands,https://en.wikipedia.org/wiki/Cook_Islands,Oceania,24.71 °C (76.48 °F)
102,https://upload.wikimedia.org/wikipedia/commons/thumb/b/ba/Flag_of_Fiji.svg/40px-Flag_of_Fiji.svg.png,Fiji,https://en.wikipedia.org/wiki/Fiji,Oceania,24.68 °C (76.42 °F)
103,https://upload.wikimedia.org/wikipedia/commons/thumb/3/31/Flag_of_Equatorial_Guinea.svg/40px-Flag_of_Equatorial_Guinea.svg.png,Equatorial Guinea,https://en.wikipedia.org/wiki/Equatorial_Guinea,Africa,24.66 °C (76.39 °F)
104,https://upload.wikimedia.org/wikipedia/commons/thumb/2/26/Flag_of_East_Timor.svg/40px-Flag_of_East_Timor.svg.png,Timor-Leste,https://en.wikipedia.org/wiki/Timor-Leste,Asia,24.57 °C (76.23 °F)
105,https://upload.wikimedia.org/wikipedia/commons/thumb/9/9f/Flag_of_the_Dominican_Republic.svg/40px-Flag_of_the_Dominican_Republic.svg.png,Dominican Republic,https://en.wikipedia.org/wiki/Dominican_Republic,North America,24.55 °C (76.19 °F)
106,https://upload.wikimedia.org/wikipedia/commons/thumb/0/0a/Flag_of_S%C3%A3o_Tom%C3%A9_and_Pr%C3%ADncipe.svg/40px-Flag_of_S%C3%A3o_Tom%C3%A9_and_Pr%C3%ADncipe.svg.png,São Tomé and Príncipe,https://en.wikipedia.org/wiki/S%C3%A3o_Tom%C3%A9_and_Pr%C3%ADncipe,Africa,24.49 °C (76.08 °F)
107,https://upload.wikimedia.org/wikipedia/commons/thumb/b/bc/Flag_of_Vanuatu.svg/40px-Flag_of_Vanuatu.svg.png,Vanuatu,https://en.wikipedia.org/wiki/Vanuatu,Oceania,24.44 °C (75.99 °F)
108,https://upload.wikimedia.org/wikipedia/commons/thumb/d/d0/Flag_of_Mozambique.svg/40px-Flag_of_Mozambique.svg.png,Mozambique,https://en.wikipedia.org/wiki/Mozambique,Africa,24.41 °C (75.94 °F)
109,https://upload.wikimedia.org/wikipedia/commons/thumb/6/6f/Flag_of_the_Democratic_Republic_of_the_Congo.svg/20px-Flag_of_the_Democratic_Republic_of_the_Congo.svg.png,Democratic Republic of the Congo,https://en.wikipedia.org/wiki/Democratic_Republic_of_the_Congo,Africa,24.35 °C (75.83 °F)
110,https://upload.wikimedia.org/wikipedia/commons/thumb/d/db/Flag_of_French_Polynesia.svg/40px-Flag_of_French_Polynesia.svg.png,French Polynesia,https://en.wikipedia.org/wiki/French_Polynesia,Oceania,24.30 °C (75.74 °F)
111,https://upload.wikimedia.org/wikipedia/commons/thumb/5/56/Flag_of_Laos.svg/40px-Flag_of_Laos.svg.png,Laos,https://en.wikipedia.org/wiki/Laos,Asia,24.16 °C (75.49 °F)
112,https://upload.wikimedia.org/wikipedia/commons/thumb/2/27/Flag_of_Paraguay.svg/40px-Flag_of_Paraguay.svg.png,Paraguay,https://en.wikipedia.org/wiki/Paraguay,South America,23.92 °C (75.06 °F)
113,https://upload.wikimedia.org/wikipedia/commons/thumb/8/8c/Flag_of_Myanmar.svg/40px-Flag_of_Myanmar.svg.png,Myanmar,https://en.wikipedia.org/wiki/Myanmar,Asia,23.82 °C (74.88 °F)
114,https://upload.wikimedia.org/wikipedia/commons/thumb/9/94/Flag_of_the_Comoros.svg/40px-Flag_of_the_Comoros.svg.png,Comoros,https://en.wikipedia.org/wiki/Comoros,Africa,23.73 °C (74.71 °F)
115,https://upload.wikimedia.org/wikipedia/commons/thumb/e/ec/Flag_of_Guatemala.svg/40px-Flag_of_Guatemala.svg.png,Guatemala,https://en.wikipedia.org/wiki/Guatemala,Central America,23.65 °C (74.57 °F)
116,https://upload.wikimedia.org/wikipedia/commons/thumb/7/77/Flag_of_Algeria.svg/40px-Flag_of_Algeria.svg.png,Algeria,https://en.wikipedia.org/wiki/Algeria,Africa,23.60 °C (74.48 °F)
117,https://upload.wikimedia.org/wikipedia/commons/thumb/7/71/Flag_of_Ethiopia.svg/40px-Flag_of_Ethiopia.svg.png,Ethiopia,https://en.wikipedia.org/wiki/Ethiopia,Africa,23.36 °C (74.05 °F)
118,https://upload.wikimedia.org/wikipedia/commons/thumb/7/77/Flag_of_Mauritius.svg/40px-Flag_of_Mauritius.svg.png,Mauritius,https://en.wikipedia.org/wiki/Mauritius,Africa,23.33 °C (73.99 °F)
119,https://upload.wikimedia.org/wikipedia/commons/thumb/4/4e/Flag_of_Uganda.svg/40px-Flag_of_Uganda.svg.png,Uganda,https://en.wikipedia.org/wiki/Uganda,Africa,23.25 °C (73.85 °F)
120,https://upload.wikimedia.org/wikipedia/commons/thumb/f/fe/Flag_of_Egypt.svg/40px-Flag_of_Egypt.svg.png,Egypt,https://en.wikipedia.org/wiki/Egypt,Africa,23.14 °C (73.65 °F)
121,https://upload.wikimedia.org/wikipedia/commons/thumb/9/99/Flag_of_the_Philippines.svg/40px-Flag_of_the_Philippines.svg.png,Philippines,https://en.wikipedia.org/wiki/Philippines,Asia,23.1 °C (73.6 °F)
122,https://upload.wikimedia.org/wikipedia/commons/thumb/f/f6/Flag_of_Iraq.svg/40px-Flag_of_Iraq.svg.png,Iraq,https://en.wikipedia.org/wiki/Iraq,Asia,22.95 °C (73.31 °F)
123,https://upload.wikimedia.org/wikipedia/commons/thumb/3/38/Flag_of_Tanzania.svg/40px-Flag_of_Tanzania.svg.png,Tanzania,https://en.wikipedia.org/wiki/Tanzania,Africa,22.92 °C (73.26 °F)
124,https://upload.wikimedia.org/wikipedia/commons/thumb/0/05/Flag_of_Libya.svg/40px-Flag_of_Libya.svg.png,Libya,https://en.wikipedia.org/wiki/Libya,Africa,22.81 °C (73.06 °F)
125,https://upload.wikimedia.org/wikipedia/commons/thumb/2/26/Flags_of_New_Caledonia.svg/60px-Flags_of_New_Caledonia.svg.png,New Caledonia,https://en.wikipedia.org/wiki/New_Caledonia,Oceania,22.69 °C (72.84 °F)
126,https://upload.wikimedia.org/wikipedia/commons/thumb/d/d1/Flag_of_Malawi.svg/40px-Flag_of_Malawi.svg.png,Malawi,https://en.wikipedia.org/wiki/Malawi,Africa,22.66 °C (72.79 °F)
127,https://upload.wikimedia.org/wikipedia/commons/thumb/b/bc/Flag_of_Madagascar.svg/40px-Flag_of_Madagascar.svg.png,Madagascar,https://en.wikipedia.org/wiki/Madagascar,Africa,22.64 °C (72.75 °F)
128,https://upload.wikimedia.org/wikipedia/commons/thumb/3/38/Flag_of_Cape_Verde.svg/40px-Flag_of_Cape_Verde.svg.png,Cape Verde,https://en.wikipedia.org/wiki/Cape_Verde,Africa,22.53 °C (72.55 °F)
129,https://upload.wikimedia.org/wikipedia/commons/thumb/0/06/Flag_of_Zambia.svg/40px-Flag_of_Zambia.svg.png,Zambia,https://en.wikipedia.org/wiki/Zambia,Africa,22.23 °C (72.01 °F)
130,https://upload.wikimedia.org/wikipedia/commons/thumb/f/fa/Flag_of_Botswana.svg/40px-Flag_of_Botswana.svg.png,Botswana,https://en.wikipedia.org/wiki/Botswana,Africa,22.09 °C (71.76 °F)
131,https://upload.wikimedia.org/wikipedia/commons/thumb/8/88/Flag_of_Australia_%28converted%29.svg/40px-Flag_of_Australia_%28converted%29.svg.png,Australia,https://en.wikipedia.org/wiki/Australia,Oceania,22.05 °C (71.69 °F)
132,https://upload.wikimedia.org/wikipedia/commons/thumb/6/6a/Flag_of_Zimbabwe.svg/40px-Flag_of_Zimbabwe.svg.png,Zimbabwe,https://en.wikipedia.org/wiki/Zimbabwe,Africa,21.90 °C (71.42 °F)
133,https://upload.wikimedia.org/wikipedia/commons/thumb/9/9d/Flag_of_Angola.svg/40px-Flag_of_Angola.svg.png,Angola,https://en.wikipedia.org/wiki/Angola,Africa,21.77 °C (71.19 °F)
134,https://upload.wikimedia.org/wikipedia/commons/thumb/b/bf/Flag_of_Bermuda.svg/40px-Flag_of_Bermuda.svg.png,Bermuda,https://en.wikipedia.org/wiki/Bermuda,North America,21.67 °C (71.01 °F)
135,https://upload.wikimedia.org/wikipedia/commons/thumb/e/e8/Flag_of_Ecuador.svg/40px-Flag_of_Ecuador.svg.png,Ecuador,https://en.wikipedia.org/wiki/Ecuador,South America,21.43 °C (70.57 °F)
136,https://upload.wikimedia.org/wikipedia/commons/thumb/3/32/Flag_of_Pakistan.svg/40px-Flag_of_Pakistan.svg.png,Pakistan,https://en.wikipedia.org/wiki/Pakistan,Asia,21.38 °C (70.48 °F)
137,https://upload.wikimedia.org/wikipedia/commons/thumb/f/fc/Flag_of_Mexico.svg/40px-Flag_of_Mexico.svg.png,Mexico,https://en.wikipedia.org/wiki/Mexico,North America,21.31 °C (70.36 °F)
138,https://upload.wikimedia.org/wikipedia/commons/thumb/4/48/Flag_of_Bolivia.svg/40px-Flag_of_Bolivia.svg.png,Bolivia,https://en.wikipedia.org/wiki/Bolivia,South America,20.76 °C (69.37 °F)
139,https://upload.wikimedia.org/wikipedia/commons/thumb/f/fb/Flag_of_Eswatini.svg/40px-Flag_of_Eswatini.svg.png,Eswatini,https://en.wikipedia.org/wiki/Eswatini,Africa,20.64 °C (69.15 °F)
140,https://upload.wikimedia.org/wikipedia/commons/thumb/8/88/Flag_of_the_Pitcairn_Islands.svg/40px-Flag_of_the_Pitcairn_Islands.svg.png,Pitcairn Islands,https://en.wikipedia.org/wiki/Pitcairn_Islands,Oceania,20.56 °C (69.01 °F)
141,https://upload.wikimedia.org/wikipedia/commons/thumb/c/ce/Flag_of_Tunisia.svg/40px-Flag_of_Tunisia.svg.png,Tunisia,https://en.wikipedia.org/wiki/Tunisia,Africa,20.53 °C (68.95 °F)
142,https://upload.wikimedia.org/wikipedia/commons/thumb/5/50/Flag_of_Burundi.svg/40px-Flag_of_Burundi.svg.png,Burundi,https://en.wikipedia.org/wiki/Burundi,Africa,20.51 °C (68.92 °F)
143,https://upload.wikimedia.org/wikipedia/commons/thumb/0/00/Flag_of_Namibia.svg/40px-Flag_of_Namibia.svg.png,Namibia,https://en.wikipedia.org/wiki/Namibia,Africa,20.45 °C (68.81 °F)
144,https://upload.wikimedia.org/wikipedia/commons/thumb/d/d4/Flag_of_Israel.svg/40px-Flag_of_Israel.svg.png,Israel,https://en.wikipedia.org/wiki/Israel,Asia,20.25 °C (68.45 °F)
145,https://upload.wikimedia.org/wikipedia/commons/thumb/c/cf/Flag_of_Peru.svg/40px-Flag_of_Peru.svg.png,Peru,https://en.wikipedia.org/wiki/Peru,South America,20.07 °C (68.13 °F)
146,https://upload.wikimedia.org/wikipedia/commons/thumb/7/73/Flag_of_Malta.svg/40px-Flag_of_Malta.svg.png,Malta,https://en.wikipedia.org/wiki/Malta,Europe,20.06 °C (68.11 °F)
147,https://upload.wikimedia.org/wikipedia/commons/thumb/c/c0/Flag_of_Jordan.svg/40px-Flag_of_Jordan.svg.png,Jordan,https://en.wikipedia.org/wiki/Jordan,Asia,20.05 °C (68.09 °F)
148,https://upload.wikimedia.org/wikipedia/commons/thumb/0/00/Flag_of_Palestine.svg/40px-Flag_of_Palestine.svg.png,Palestine,https://en.wikipedia.org/wiki/Palestine,Asia,20.04 °C (68.07 °F)
149,https://upload.wikimedia.org/wikipedia/commons/thumb/1/17/Flag_of_Rwanda.svg/40px-Flag_of_Rwanda.svg.png,Rwanda,https://en.wikipedia.org/wiki/Rwanda,Africa,20.03 °C (68.05 °F)
150,https://upload.wikimedia.org/wikipedia/commons/thumb/4/48/Flag_of_Norfolk_Island.svg/40px-Flag_of_Norfolk_Island.svg.png,Norfolk Island,https://en.wikipedia.org/wiki/Norfolk_Island,Oceania,20.02 °C (68.04 °F)
151,https://upload.wikimedia.org/wikipedia/commons/thumb/d/d4/Flag_of_Cyprus.svg/40px-Flag_of_Cyprus.svg.png,Cyprus,https://en.wikipedia.org/wiki/Cyprus,Europe,20.01 °C (68.02 °F)
152,https://upload.wikimedia.org/wikipedia/commons/thumb/5/54/Flag_of_Syria_%282025-%29.svg/40px-Flag_of_Syria_%282025-%29.svg.png,Syria,https://en.wikipedia.org/wiki/Syria,Asia,18.75 °C (65.75 °F)
153,https://upload.wikimedia.org/wikipedia/commons/thumb/c/ca/Flag_of_Iran.svg/40px-Flag_of_Iran.svg.png,Iran,https://en.wikipedia.org/wiki/Iran,Asia,18.34 °C (65.01 °F)
154,https://upload.wikimedia.org/wikipedia/commons/thumb/a/af/Flag_of_South_Africa.svg/40px-Flag_of_South_Africa.svg.png,South Africa,https://en.wikipedia.org/wiki/South_Africa,Africa,18.23 °C (64.81 °F)
155,https://upload.wikimedia.org/wikipedia/commons/thumb/0/02/Flag_of_Gibraltar.svg/40px-Flag_of_Gibraltar.svg.png,Gibraltar,https://en.wikipedia.org/wiki/Gibraltar,Europe,18.15 °C (64.67 °F)
156,https://upload.wikimedia.org/wikipedia/commons/thumb/2/2c/Flag_of_Morocco.svg/40px-Flag_of_Morocco.svg.png,Morocco,https://en.wikipedia.org/wiki/Morocco,Africa,18.14 °C (64.65 °F)
157,https://upload.wikimedia.org/wikipedia/en/thumb/a/ae/Flag_of_the_United_Kingdom.svg/40px-Flag_of_the_United_Kingdom.svg.png,"Saint Helena, Ascension and Tristan da Cunha","https://en.wikipedia.org/wiki/Saint_Helena,_Ascension_and_Tristan_da_Cunha",Africa,18.10 °C (64.58 °F)
158,https://upload.wikimedia.org/wikipedia/commons/thumb/f/fe/Flag_of_Uruguay.svg/40px-Flag_of_Uruguay.svg.png,Uruguay,https://en.wikipedia.org/wiki/Uruguay,South America,17.97 °C (64.35 °F)
159,https://upload.wikimedia.org/wikipedia/commons/thumb/1/1b/Flag_of_Turkmenistan.svg/40px-Flag_of_Turkmenistan.svg.png,Turkmenistan,https://en.wikipedia.org/wiki/Turkmenistan,Asia,16.66 °C (61.99 °F)
160,https://upload.wikimedia.org/wikipedia/commons/thumb/1/1a/Flag_of_Argentina.svg/40px-Flag_of_Argentina.svg.png,Argentina,https://en.wikipedia.org/wiki/Argentina,South America,
161,https://upload.wikimedia.org/wikipedia/commons/thumb/a/a8/Flag_of_Portugal_%28official%29.svg/40px-Flag_of_Portugal_%28official%29.svg.png,Portugal,https://en.wikipedia.org/wiki/Portugal,Europe,15.85 °C (60.53 °F)
162,https://upload.wikimedia.org/wikipedia/commons/thumb/5/59/Flag_of_Lebanon.svg/40px-Flag_of_Lebanon.svg.png,Lebanon,https://en.wikipedia.org/wiki/Lebanon,Asia,15.45 °C (59.81 °F)
163,https://upload.wikimedia.org/wikipedia/commons/thumb/b/b3/Flag_of_Vatican_City_%282023%E2%80%93present%29.svg/20px-Flag_of_Vatican_City_%282023%E2%80%93present%29.svg.png,Vatican City,https://en.wikipedia.org/wiki/Vatican_City,Europe,15.20 °C (59.36 °F)
164,https://upload.wikimedia.org/wikipedia/commons/thumb/5/5c/Flag_of_Greece.svg/40px-Flag_of_Greece.svg.png,Greece,https://en.wikipedia.org/wiki/Greece,Europe,13.17 °C (55.71 °F)
165,https://upload.wikimedia.org/wikipedia/en/thumb/9/9a/Flag_of_Spain.svg/40px-Flag_of_Spain.svg.png,Spain,https://en.wikipedia.org/wiki/Spain,Europe,13.07 °C (55.53 °F)
166,https://upload.wikimedia.org/wikipedia/commons/thumb/8/84/Flag_of_Uzbekistan.svg/40px-Flag_of_Uzbekistan.svg.png,Uzbekistan,https://en.wikipedia.org/wiki/Uzbekistan,Asia,13.06 °C (55.51 °F)
167,https://upload.wikimedia.org/wikipedia/commons/thumb/e/ea/Flag_of_Monaco.svg/20px-Flag_of_Monaco.svg.png,Monaco,https://en.wikipedia.org/wiki/Monaco,Europe,13.05 °C (55.49 °F)
168,https://upload.wikimedia.org/wikipedia/commons/thumb/5/5c/Flag_of_the_Taliban.svg/40px-Flag_of_the_Taliban.svg.png,Afghanistan,https://en.wikipedia.org/wiki/Afghanistan,Asia,13.04 °C (55.47 °F)
169,https://upload.wikimedia.org/wikipedia/en/thumb/0/03/Flag_of_Italy.svg/40px-Flag_of_Italy.svg.png,Italy,https://en.wikipedia.org/wiki/Italy,Europe,13.02 °C (55.44 °F)
170,https://upload.wikimedia.org/wikipedia/commons/thumb/d/dd/Flag_of_Azerbaijan.svg/40px-Flag_of_Azerbaijan.svg.png,Azerbaijan,https://en.wikipedia.org/wiki/Azerbaijan,Asia,12.96 °C (55.33 °F)
171,https://upload.wikimedia.org/wikipedia/commons/thumb/b/b1/Flag_of_San_Marino.svg/20px-Flag_of_San_Marino.svg.png,San Marino,https://en.wikipedia.org/wiki/San_Marino,Europe,12.83 °C (55.09 °F)
172,https://upload.wikimedia.org/wikipedia/commons/thumb/3/36/Flag_of_Albania.svg/40px-Flag_of_Albania.svg.png,Albania,https://en.wikipedia.org/wiki/Albania,Europe,12.44 °C (54.39 °F)
173,https://upload.wikimedia.org/wikipedia/commons/thumb/4/4a/Flag_of_Lesotho.svg/40px-Flag_of_Lesotho.svg.png,Lesotho,https://en.wikipedia.org/wiki/Lesotho,Africa,12.38 °C (54.28 °F)
174,https://upload.wikimedia.org/wikipedia/commons/thumb/1/1c/Flag_of_Jersey.svg/40px-Flag_of_Jersey.svg.png,Jersey,https://en.wikipedia.org/wiki/Jersey,Europe,12.27 °C (54.09 °F)
175,https://upload.wikimedia.org/wikipedia/commons/thumb/0/09/Flag_of_South_Korea.svg/40px-Flag_of_South_Korea.svg.png,South Korea,https://en.wikipedia.org/wiki/South_Korea,Asia,12.22 °C (54.00 °F)
176,https://upload.wikimedia.org/wikipedia/commons/thumb/f/fa/Flag_of_Guernsey.svg/40px-Flag_of_Guernsey.svg.png,Guernsey,https://en.wikipedia.org/wiki/Guernsey,Europe,12.09 °C (53.76 °F)
177,https://upload.wikimedia.org/wikipedia/commons/thumb/1/1b/Flag_of_Croatia.svg/40px-Flag_of_Croatia.svg.png,Croatia,https://en.wikipedia.org/wiki/Croatia,Europe,11.96 °C (53.53 °F)
178,https://upload.wikimedia.org/wikipedia/en/thumb/9/9e/Flag_of_Japan.svg/40px-Flag_of_Japan.svg.png,Japan,https://en.wikipedia.org/wiki/Japan,Asia,11.78 °C (53.20 °F)
179,https://upload.wikimedia.org/wikipedia/commons/thumb/b/b4/Flag_of_Turkey.svg/40px-Flag_of_Turkey.svg.png,Turkey,https://en.wikipedia.org/wiki/Turkey,Asia and Europe,11.66 °C (52.99 °F)
180,https://upload.wikimedia.org/wikipedia/en/thumb/c/c3/Flag_of_France.svg/40px-Flag_of_France.svg.png,France,https://en.wikipedia.org/wiki/France,Europe,11.65 °C (52.97 °F)
181,https://upload.wikimedia.org/wikipedia/commons/thumb/c/c1/Flag_of_Hungary.svg/40px-Flag_of_Hungary.svg.png,Hungary,https://en.wikipedia.org/wiki/Hungary,Europe,11.50 °C (52.70 °F)
182,https://upload.wikimedia.org/wikipedia/commons/thumb/f/ff/Flag_of_Serbia.svg/40px-Flag_of_Serbia.svg.png,Serbia,https://en.wikipedia.org/wiki/Serbia,Europe,11.40 °C (52.52 °F)
183,https://upload.wikimedia.org/wikipedia/commons/thumb/9/9a/Flag_of_Bulgaria.svg/40px-Flag_of_Bulgaria.svg.png,Bulgaria,https://en.wikipedia.org/wiki/Bulgaria,Europe,11.35 °C (52.43 °F)
184,https://upload.wikimedia.org/wikipedia/commons/thumb/2/27/Flag_of_Moldova.svg/40px-Flag_of_Moldova.svg.png,Moldova,https://en.wikipedia.org/wiki/Moldova,Europe,10.89 °C (51.60 °F)
185,https://upload.wikimedia.org/wikipedia/commons/thumb/7/79/Flag_of_North_Macedonia.svg/40px-Flag_of_North_Macedonia.svg.png,North Macedonia,https://en.wikipedia.org/wiki/North_Macedonia,Europe,10.79 °C (51.42 °F)
186,https://upload.wikimedia.org/wikipedia/commons/thumb/9/92/Flag_of_Belgium_%28civil%29.svg/40px-Flag_of_Belgium_%28civil%29.svg.png,Belgium,https://en.wikipedia.org/wiki/Belgium,Europe,10.67 °C (51.21 °F)
187,https://upload.wikimedia.org/wikipedia/commons/thumb/2/20/Flag_of_the_Netherlands.svg/40px-Flag_of_the_Netherlands.svg.png,Netherlands,https://en.wikipedia.org/wiki/Netherlands,Europe,10.49 °C (50.88 °F)
188,https://upload.wikimedia.org/wikipedia/commons/thumb/3/3e/Flag_of_New_Zealand.svg/40px-Flag_of_New_Zealand.svg.png,New Zealand,https://en.wikipedia.org/wiki/New_Zealand,Oceania,10.46 °C (50.83 °F)
189,https://upload.wikimedia.org/wikipedia/commons/thumb/9/91/Flag_of_Bhutan.svg/40px-Flag_of_Bhutan.svg.png,Bhutan,https://en.wikipedia.org/wiki/Bhutan,Asia,10.38 °C (50.68 °F)
190,https://upload.wikimedia.org/wikipedia/commons/thumb/b/bf/Flag_of_Bosnia_and_Herzegovina.svg/40px-Flag_of_Bosnia_and_Herzegovina.svg.png,Bosnia and Herzegovina,https://en.wikipedia.org/wiki/Bosnia_and_Herzegovina,Europe,10.35 °C (50.63 °F)
191,https://upload.wikimedia.org/wikipedia/commons/thumb/7/73/Flag_of_Romania.svg/40px-Flag_of_Romania.svg.png,Romania,https://en.wikipedia.org/wiki/Romania,Europe,10.18 °C (50.32 °F)
192,https://upload.wikimedia.org/wikipedia/commons/thumb/1/1f/Flag_of_Kosovo.svg/40px-Flag_of_Kosovo.svg.png,Kosovo,https://en.wikipedia.org/wiki/Kosovo,Europe,10.02 °C (50.04 °F)
193,https://upload.wikimedia.org/wikipedia/commons/thumb/d/da/Flag_of_Luxembourg.svg/40px-Flag_of_Luxembourg.svg.png,Luxembourg,https://en.wikipedia.org/wiki/Luxembourg,Europe,10.02 °C (50.04 °F)
194,https://upload.wikimedia.org/wikipedia/commons/thumb/6/64/Flag_of_Montenegro.svg/40px-Flag_of_Montenegro.svg.png,Montenegro,https://en.wikipedia.org/wiki/Montenegro,Europe,9.93 °C (49.87 °F)
195,https://upload.wikimedia.org/wikipedia/commons/thumb/f/f0/Flag_of_Slovenia.svg/40px-Flag_of_Slovenia.svg.png,Slovenia,https://en.wikipedia.org/wiki/Slovenia,Europe,9.86 °C (49.75 °F)
196,https://upload.wikimedia.org/wikipedia/commons/thumb/4/45/Flag_of_Ireland.svg/40px-Flag_of_Ireland.svg.png,Ireland,https://en.wikipedia.org/wiki/Republic_of_Ireland,Europe,9.73 °C (49.51 °F)
197,https://upload.wikimedia.org/wikipedia/commons/thumb/b/bc/Flag_of_the_Isle_of_Man.svg/40px-Flag_of_the_Isle_of_Man.svg.png,Isle of Man,https://en.wikipedia.org/wiki/Isle_of_Man,Europe,9.65 °C (49.37 °F)
198,https://upload.wikimedia.org/wikipedia/en/thumb/b/ba/Flag_of_Germany.svg/40px-Flag_of_Germany.svg.png,Germany,https://en.wikipedia.org/wiki/Germany,Europe,9.59 °C (49.26 °F)
199,https://upload.wikimedia.org/wikipedia/commons/5/5d/Flag_of_the_United_States_%2823px%29.png,United States,https://en.wikipedia.org/wiki/United_States,North America,9.46 °C (49.03 °F)
200,https://upload.wikimedia.org/wikipedia/commons/thumb/7/78/Flag_of_Chile.svg/40px-Flag_of_Chile.svg.png,Chile,https://en.wikipedia.org/wiki/Chile,South America,9.39 °C (48.90 °F)
201,https://upload.wikimedia.org/wikipedia/commons/thumb/4/49/Flag_of_Ukraine.svg/40px-Flag_of_Ukraine.svg.png,Ukraine,https://en.wikipedia.org/wiki/Ukraine,Europe,9.27 °C (48.69 °F)
202,https://upload.wikimedia.org/wikipedia/en/thumb/a/ae/Flag_of_the_United_Kingdom.svg/40px-Flag_of_the_United_Kingdom.svg.png,United Kingdom,https://en.wikipedia.org/wiki/United_Kingdom,Europe,9.24 °C (48.63 °F)
203,https://upload.wikimedia.org/wikipedia/commons/thumb/0/0f/Flag_of_Georgia.svg/40px-Flag_of_Georgia.svg.png,Georgia,https://en.wikipedia.org/wiki/Georgia_(country),Asia,9.01 °C (48.22 °F)
204,https://upload.wikimedia.org/wikipedia/commons/thumb/9/9c/Flag_of_Denmark.svg/20px-Flag_of_Denmark.svg.png,Denmark,https://en.wikipedia.org/wiki/Denmark,Europe,8.90 °C (48.02 °F)
205,https://upload.wikimedia.org/wikipedia/commons/thumb/e/e6/Flag_of_Slovakia.svg/40px-Flag_of_Slovakia.svg.png,Slovakia,https://en.wikipedia.org/wiki/Slovakia,Europe,8.83 °C (47.89 °F)
206,https://upload.wikimedia.org/wikipedia/en/thumb/1/12/Flag_of_Poland.svg/40px-Flag_of_Poland.svg.png,Poland,https://en.wikipedia.org/wiki/Poland,Europe,8.78 °C (47.80 °F)
207,https://upload.wikimedia.org/wikipedia/commons/thumb/c/cb/Flag_of_the_Czech_Republic.svg/40px-Flag_of_the_Czech_Republic.svg.png,Czech Republic,https://en.wikipedia.org/wiki/Czech_Republic,Europe,8.60 °C (47.48 °F)
208,https://upload.wikimedia.org/wikipedia/commons/thumb/1/19/Flag_of_Andorra.svg/40px-Flag_of_Andorra.svg.png,Andorra,https://en.wikipedia.org/wiki/Andorra,Europe,8.27 °C (46.89 °F)
209,https://upload.wikimedia.org/wikipedia/commons/thumb/2/2f/Flag_of_Armenia.svg/40px-Flag_of_Armenia.svg.png,Armenia,https://en.wikipedia.org/wiki/Armenia,Asia,7.82 °C (46.08 °F)
210,https://upload.wikimedia.org/wikipedia/commons/thumb/f/fa/Flag_of_the_People%27s_Republic_of_China.svg/40px-Flag_of_the_People%27s_Republic_of_China.svg.png,China,https://en.wikipedia.org/wiki/China,Asia,7.59 °C (45.66 °F)
211,https://upload.wikimedia.org/wikipedia/commons/thumb/4/47/Flag_of_Liechtenstein.svg/40px-Flag_of_Liechtenstein.svg.png,Liechtenstein,https://en.wikipedia.org/wiki/Liechtenstein,Europe,7.55 °C (45.59 °F)
212,https://upload.wikimedia.org/wikipedia/commons/thumb/8/85/Flag_of_Belarus.svg/40px-Flag_of_Belarus.svg.png,Belarus,https://en.wikipedia.org/wiki/Belarus,Europe,7.45 °C (45.41 °F)
213,https://upload.wikimedia.org/wikipedia/commons/thumb/4/41/Flag_of_Austria.svg/40px-Flag_of_Austria.svg.png,Austria,https://en.wikipedia.org/wiki/Austria,Europe,7.44 °C (45.39 °F)
214,https://upload.wikimedia.org/wikipedia/commons/thumb/1/11/Flag_of_Lithuania.svg/40px-Flag_of_Lithuania.svg.png,Lithuania,https://en.wikipedia.org/wiki/Lithuania,Europe,7.38 °C (45.28 °F)
215,https://upload.wikimedia.org/wikipedia/commons/thumb/d/d3/Flag_of_Kazakhstan.svg/40px-Flag_of_Kazakhstan.svg.png,Kazakhstan,https://en.wikipedia.org/wiki/Kazakhstan,Asia,7.11 °C (44.80 °F)
216,https://upload.wikimedia.org/wikipedia/commons/thumb/5/51/Flag_of_North_Korea.svg/40px-Flag_of_North_Korea.svg.png,North Korea,https://en.wikipedia.org/wiki/North_Korea,Asia,6.98 °C (44.56 °F)
217,https://upload.wikimedia.org/wikipedia/commons/thumb/8/84/Flag_of_Latvia.svg/40px-Flag_of_Latvia.svg.png,Latvia,https://en.wikipedia.org/wiki/Latvia,Europe,6.87 °C (44.37 °F)
218,https://upload.wikimedia.org/wikipedia/commons/thumb/3/3c/Flag_of_the_Faroe_Islands.svg/40px-Flag_of_the_Faroe_Islands.svg.png,Faroe Islands,https://en.wikipedia.org/wiki/Faroe_Islands,Europe,6.60 °C (43.88 °F)
219,https://upload.wikimedia.org/wikipedia/commons/thumb/0/08/Flag_of_Switzerland_%28Pantone%29.svg/20px-Flag_of_Switzerland_%28Pantone%29.svg.png,Switzerland,https://en.wikipedia.org/wiki/Switzerland,Europe,6.47 °C (43.65 °F)
220,https://upload.wikimedia.org/wikipedia/commons/thumb/8/8f/Flag_of_Estonia.svg/40px-Flag_of_Estonia.svg.png,Estonia,https://en.wikipedia.org/wiki/Estonia,Europe,6.34 °C (43.41 °F)
221,https://upload.wikimedia.org/wikipedia/en/thumb/c/c3/Flag_of_France.svg/40px-Flag_of_France.svg.png,Saint Pierre and Miquelon,https://en.wikipedia.org/wiki/Saint_Pierre_and_Miquelon,North America,5.72 °C (42.30 °F)
222,https://upload.wikimedia.org/wikipedia/commons/thumb/a/a7/Flag_of_the_French_Southern_and_Antarctic_Lands.svg/40px-Flag_of_the_French_Southern_and_Antarctic_Lands.svg.png,French Southern and Antarctic Lands,https://en.wikipedia.org/wiki/French_Southern_and_Antarctic_Lands,Antarctica,4.11 °C (39.40 °F)
223,https://upload.wikimedia.org/wikipedia/commons/thumb/d/d0/Flag_of_Tajikistan.svg/40px-Flag_of_Tajikistan.svg.png,Tajikistan,https://en.wikipedia.org/wiki/Tajikistan,Asia,3.85 °C (38.93 °F)
224,https://upload.wikimedia.org/wikipedia/en/thumb/4/4c/Flag_of_Sweden.svg/40px-Flag_of_Sweden.svg.png,Sweden,https://en.wikipedia.org/wiki/Sweden,Europe,3.23 °C (37.81 °F)
225,https://upload.wikimedia.org/wikipedia/commons/thumb/c/c7/Flag_of_Kyrgyzstan.svg/40px-Flag_of_Kyrgyzstan.svg.png,Kyrgyzstan,https://en.wikipedia.org/wiki/Kyrgyzstan,Asia,2.65 °C (36.77 °F)
226,https://upload.wikimedia.org/wikipedia/commons/thumb/b/bc/Flag_of_Finland.svg/40px-Flag_of_Finland.svg.png,Finland,https://en.wikipedia.org/wiki/Finland,Europe,2.46 °C (36.43 °F)
227,https://upload.wikimedia.org/wikipedia/commons/thumb/8/88/Flag_of_Australia_%28converted%29.svg/40px-Flag_of_Australia_%28converted%29.svg.png,Heard Island and McDonald Islands,https://en.wikipedia.org/wiki/Heard_Island_and_McDonald_Islands,Antarctica,2.46 °C (36.43 °F)
228,https://upload.wikimedia.org/wikipedia/commons/thumb/d/d9/Flag_of_Norway.svg/40px-Flag_of_Norway.svg.png,Norway,https://en.wikipedia.org/wiki/Norway,Europe,2.21 °C (35.98 °F)
229,https://upload.wikimedia.org/wikipedia/commons/thumb/c/ce/Flag_of_Iceland.svg/40px-Flag_of_Iceland.svg.png,Iceland,https://en.wikipedia.org/wiki/Iceland,Europe,1.85 °C (35.33 °F)
230,https://upload.wikimedia.org/wikipedia/commons/thumb/4/4c/Flag_of_Mongolia.svg/40px-Flag_of_Mongolia.svg.png,Mongolia,https://en.wikipedia.org/wiki/Mongolia,Asia,1.07 °C (33.93 °F)
231,https://upload.wikimedia.org/wikipedia/en/thumb/f/f3/Flag_of_Russia.svg/40px-Flag_of_Russia.svg.png,Russia,https://en.wikipedia.org/wiki/Russia,Asia and Europe,−3.79 °C (25.18 °F)
232,https://upload.wikimedia.org/wikipedia/commons/thumb/d/d9/Flag_of_Canada_%28Pantone%29.svg/40px-Flag_of_Canada_%28Pantone%29.svg.png,Canada,https://en.wikipedia.org/wiki/Canada,North America,−4.03 °C (24.75 °F)
233,https://upload.wikimedia.org/wikipedia/commons/thumb/d/d9/Flag_of_Norway.svg/40px-Flag_of_Norway.svg.png,Svalbard and Jan Mayen,https://en.wikipedia.org/wiki/Svalbard_and_Jan_Mayen,Europe,−6.78 °C (19.80 °F)
234,https://upload.wikimedia.org/wikipedia/commons/thumb/0/09/Flag_of_Greenland.svg/40px-Flag_of_Greenland.svg.png,Greenland,https://en.wikipedia.org/wiki/Greenland,North America,−18.68 °C (−1.62 °F)
