tb1,tb1 href,tb2,tb3,tb4,tb5,tb6
Burkina Faso,https://www.worldeconomics.com/ESG/Environment/Temperatures/Burkina%20Faso.aspx,28.8°,29.2°,29.5°,29.7°,29.9°
Mali,https://www.worldeconomics.com/ESG/Environment/Temperatures/Mali.aspx,28.7°,29.1°,29.4°,29.4°,29.7°
Senegal,https://www.worldeconomics.com/ESG/Environment/Temperatures/Senegal.aspx,28.4°,28.7°,29.0°,29.2°,29.4°
Mauritania,https://www.worldeconomics.com/ESG/Environment/Temperatures/Mauritania.aspx,28.3°,28.7°,28.9°,29.0°,29.3°
Gambia,https://www.worldeconomics.com/ESG/Environment/Temperatures/Gambia.aspx,27.8°,28.2°,28.5°,28.7°,28.8°
Benin,https://www.worldeconomics.com/ESG/Environment/Temperatures/Benin.aspx,27.7°,27.9°,28.3°,28.4°,28.6°
Niger,https://www.worldeconomics.com/ESG/Environment/Temperatures/Niger.aspx,27.6°,27.8°,28.1°,28.1°,28.2°
United Arab Emirates,https://www.worldeconomics.com/ESG/Environment/Temperatures/United%20Arab%20Emirates.aspx,27.6°,28.0°,28.5°,28.6°,28.6°
Guinea-Bissau,https://www.worldeconomics.com/ESG/Environment/Temperatures/GuineaBissau.aspx,27.5°,27.8°,28.1°,28.3°,28.5°
Ghana,https://www.worldeconomics.com/ESG/Environment/Temperatures/Ghana.aspx,27.3°,27.6°,27.9°,28.1°,28.4°
Sudan,https://www.worldeconomics.com/ESG/Environment/Temperatures/Sudan.aspx,27.2°,27.8°,28.1°,28.1°,27.7°
Qatar,https://www.worldeconomics.com/ESG/Environment/Temperatures/Qatar.aspx,27.2°,27.8°,28.4°,28.7°,28.7°
Oman,https://www.worldeconomics.com/ESG/Environment/Temperatures/Oman.aspx,27.2°,27.6°,27.9°,28.0°,28.2°
Singapore,https://www.worldeconomics.com/ESG/Environment/Temperatures/Singapore.aspx,27.2°,27.5°,27.9°,28.1°,28.4°
Chad,https://www.worldeconomics.com/ESG/Environment/Temperatures/Chad.aspx,27.1°,27.4°,27.7°,27.6°,27.4°
Togo,https://www.worldeconomics.com/ESG/Environment/Temperatures/Togo.aspx,27.0°,27.3°,27.6°,27.8°,28.1°
Nigeria,https://www.worldeconomics.com/ESG/Environment/Temperatures/Nigeria.aspx,27.0°,27.2°,27.4°,27.5°,27.7°
Cambodia,https://www.worldeconomics.com/ESG/Environment/Temperatures/Cambodia.aspx,27.0°,27.3°,27.4°,27.7°,28.3°
Bahrain,https://www.worldeconomics.com/ESG/Environment/Temperatures/Bahrain.aspx,26.8°,27.4°,28.1°,28.5°,28.6°
Sri Lanka,https://www.worldeconomics.com/ESG/Environment/Temperatures/Sri%20Lanka.aspx,26.7°,27.1°,27.3°,27.5°,27.9°
Brunei,https://www.worldeconomics.com/ESG/Environment/Temperatures/Brunei.aspx,26.6°,26.8°,27.0°,27.2°,27.6°
Thailand,https://www.worldeconomics.com/ESG/Environment/Temperatures/Thailand.aspx,26.5°,26.8°,26.9°,27.2°,27.8°
Cote d'Ivoire,https://www.worldeconomics.com/ESG/Environment/Temperatures/CotedIvoire.aspx,26.5°,26.7°,27.0°,27.1°,27.4°
Suriname,https://www.worldeconomics.com/ESG/Environment/Temperatures/Suriname.aspx,26.3°,26.5°,26.7°,26.9°,27.6°
Sierra Leone,https://www.worldeconomics.com/ESG/Environment/Temperatures/Sierra%20Leone.aspx,26.2°,26.4°,26.6°,26.8°,27.0°
Trinidad and Tobago,https://www.worldeconomics.com/ESG/Environment/Temperatures/Trinidad%20and%20Tobago.aspx,26.1°,26.6°,26.9°,26.9°,27.6°
Malaysia,https://www.worldeconomics.com/ESG/Environment/Temperatures/Malaysia.aspx,26.0°,26.2°,26.5°,26.7°,27.1°
Philippines,https://www.worldeconomics.com/ESG/Environment/Temperatures/Philippines.aspx,25.9°,26.2°,26.4°,26.6°,27.2°
Guyana,https://www.worldeconomics.com/ESG/Environment/Temperatures/Guyana.aspx,25.9°,26.0°,26.3°,26.4°,27.1°
Indonesia,https://www.worldeconomics.com/ESG/Environment/Temperatures/Indonesia.aspx,25.7°,25.9°,26.0°,26.1°,26.4°
Guinea,https://www.worldeconomics.com/ESG/Environment/Temperatures/Guinea.aspx,25.5°,25.8°,26.0°,26.3°,26.6°
Bangladesh,https://www.worldeconomics.com/ESG/Environment/Temperatures/Bangladesh.aspx,25.5°,25.7°,25.8°,25.7°,26.2°
Kuwait,https://www.worldeconomics.com/ESG/Environment/Temperatures/Kuwait.aspx,25.5°,26.2°,26.8°,27.2°,27.3°
Nicaragua,https://www.worldeconomics.com/ESG/Environment/Temperatures/Nicaragua.aspx,25.4°,25.8°,26.0°,26.1°,26.6°
Jamaica,https://www.worldeconomics.com/ESG/Environment/Temperatures/Jamaica.aspx,25.4°,25.8°,26.0°,26.3°,26.7°
Panama,https://www.worldeconomics.com/ESG/Environment/Temperatures/Panama.aspx,25.3°,25.5°,25.6°,25.8°,26.1°
Saudi Arabia,https://www.worldeconomics.com/ESG/Environment/Temperatures/Saudi%20Arabia.aspx,25.3°,25.7°,26.2°,26.3°,26.4°
Liberia,https://www.worldeconomics.com/ESG/Environment/Temperatures/Liberia.aspx,25.2°,25.3°,25.5°,25.7°,25.9°
"Yemen, Rep.",https://www.worldeconomics.com/ESG/Environment/Temperatures/Yemen%20Rep..aspx,25.2°,25.4°,25.6°,25.7°,26.0°
Central African Republic,https://www.worldeconomics.com/ESG/Environment/Temperatures/Central%20African%20Republic.aspx,25.2°,25.3°,25.5°,25.6°,25.4°
Gabon,https://www.worldeconomics.com/ESG/Environment/Temperatures/Gabon.aspx,25.0°,25.1°,25.3°,25.5°,25.6°
Brazil,https://www.worldeconomics.com/ESG/Environment/Temperatures/Brazil.aspx,24.9°,25.3°,25.6°,25.8°,26.0°
El Salvador,https://www.worldeconomics.com/ESG/Environment/Temperatures/El%20Salvador.aspx,24.7°,25.1°,25.3°,25.6°,26.0°
Papua New Guinea,https://www.worldeconomics.com/ESG/Environment/Temperatures/Papua%20New%20Guinea.aspx,24.7°,24.8°,24.7°,24.8°,24.8°
Colombia,https://www.worldeconomics.com/ESG/Environment/Temperatures/Colombia.aspx,24.7°,24.9°,25.1°,25.3°,25.6°
Cameroon,https://www.worldeconomics.com/ESG/Environment/Temperatures/Cameroon.aspx,24.6°,24.7°,24.9°,25.0°,25.1°
Kenya,https://www.worldeconomics.com/ESG/Environment/Temperatures/Kenya.aspx,24.6°,24.9°,25.1°,25.2°,25.2°
"Congo, Rep.",https://www.worldeconomics.com/ESG/Environment/Temperatures/CongoRep.aspx,24.5°,24.7°,24.9°,25.1°,25.3°
India,https://www.worldeconomics.com/ESG/Environment/Temperatures/India.aspx,24.5°,24.8°,25.0°,25.1°,25.4°
Vietnam,https://www.worldeconomics.com/ESG/Environment/Temperatures/Vietnam.aspx,24.5°,24.7°,24.9°,25.1°,25.5°
Costa Rica,https://www.worldeconomics.com/ESG/Environment/Temperatures/Costa%20Rica.aspx,24.4°,24.7°,24.8°,24.9°,25.2°
Haiti,https://www.worldeconomics.com/ESG/Environment/Temperatures/Haiti.aspx,24.3°,24.8°,25.0°,25.3°,25.8°
Honduras,https://www.worldeconomics.com/ESG/Environment/Temperatures/Honduras.aspx,24.2°,24.6°,24.8°,25.1°,25.5°
"Congo, Dem. Rep",https://www.worldeconomics.com/ESG/Environment/Temperatures/Congo%20Dem.%20Rep.aspx,24.1°,24.3°,24.4°,24.4°,24.4°
Mozambique,https://www.worldeconomics.com/ESG/Environment/Temperatures/Mozambique.aspx,24.0°,24.2°,24.5°,24.7°,25.2°
Dominican Republic,https://www.worldeconomics.com/ESG/Environment/Temperatures/Dominican%20Republic.aspx,23.8°,24.5°,24.7°,25.0°,25.6°
Laos,https://www.worldeconomics.com/ESG/Environment/Temperatures/Laos.aspx,23.8°,24.1°,24.3°,24.5°,25.1°
Paraguay,https://www.worldeconomics.com/ESG/Environment/Temperatures/Paraguay.aspx,23.8°,23.8°,24.0°,24.3°,24.9°
Myanmar,https://www.worldeconomics.com/ESG/Environment/Temperatures/Myanmar.aspx,23.6°,23.8°,24.0°,24.1°,24.6°
Comoros,https://www.worldeconomics.com/ESG/Environment/Temperatures/Comoros.aspx,23.5°,23.6°,23.8°,24.0°,24.4°
Guatemala,https://www.worldeconomics.com/ESG/Environment/Temperatures/Guatemala.aspx,23.1°,23.5°,23.8°,24.1°,24.6°
Algeria,https://www.worldeconomics.com/ESG/Environment/Temperatures/Algeria.aspx,23.1°,23.4°,23.7°,23.8°,24.2°
Ethiopia,https://www.worldeconomics.com/ESG/Environment/Temperatures/Ethiopia.aspx,22.9°,23.2°,23.5°,23.6°,24.2°
Mauritius,https://www.worldeconomics.com/ESG/Environment/Temperatures/Mauritius.aspx,22.9°,23.2°,23.5°,23.8°,23.9°
Egypt,https://www.worldeconomics.com/ESG/Environment/Temperatures/Egypt.aspx,22.6°,22.9°,23.4°,23.6°,24.0°
Uganda,https://www.worldeconomics.com/ESG/Environment/Temperatures/Uganda.aspx,22.6°,23.1°,23.3°,23.2°,23.1°
Tanzania,https://www.worldeconomics.com/ESG/Environment/Temperatures/Tanzania.aspx,22.4°,22.7°,22.9°,23.0°,23.0°
Madagascar,https://www.worldeconomics.com/ESG/Environment/Temperatures/Madagascar.aspx,22.4°,22.5°,22.8°,23.0°,23.1°
Cabo Verde,https://www.worldeconomics.com/ESG/Environment/Temperatures/Cabo%20Verde.aspx,22.3°,22.4°,22.6°,22.7°,22.9°
Libya,https://www.worldeconomics.com/ESG/Environment/Temperatures/Libya.aspx,22.3°,22.6°,23.0°,22.9°,23.3°
Malawi,https://www.worldeconomics.com/ESG/Environment/Temperatures/Malawi.aspx,22.2°,22.5°,22.7°,22.8°,23.2°
Zambia,https://www.worldeconomics.com/ESG/Environment/Temperatures/Zambia.aspx,21.7°,22.0°,22.1°,22.1°,22.3°
Australia,https://www.worldeconomics.com/ESG/Environment/Temperatures/Australia.aspx,21.6°,21.9°,22.1°,22.4°,22.8°
Angola,https://www.worldeconomics.com/ESG/Environment/Temperatures/Angola.aspx,21.5°,21.7°,21.7°,21.7°,21.7°
Botswana,https://www.worldeconomics.com/ESG/Environment/Temperatures/Botswana.aspx,21.5°,21.9°,22.1°,22.3°,22.5°
Zimbabwe,https://www.worldeconomics.com/ESG/Environment/Temperatures/Zimbabwe.aspx,21.3°,21.7°,22.0°,22.1°,22.5°
Ecuador,https://www.worldeconomics.com/ESG/Environment/Temperatures/Ecuador.aspx,21.2°,21.4°,21.5°,21.8°,21.8°
Pakistan,https://www.worldeconomics.com/ESG/Environment/Temperatures/Pakistan.aspx,20.9°,21.3°,21.7°,21.8°,22.1°
Bolivia,https://www.worldeconomics.com/ESG/Environment/Temperatures/Bolivia.aspx,20.8°,20.8°,20.9°,21.1°,21.8°
Mexico,https://www.worldeconomics.com/ESG/Environment/Temperatures/Mexico.aspx,20.8°,21.2°,21.6°,22.0°,22.7°
Namibia,https://www.worldeconomics.com/ESG/Environment/Temperatures/Namibia.aspx,20.0°,20.3°,20.5°,20.6°,20.9°
Eswatini,https://www.worldeconomics.com/ESG/Environment/Temperatures/Eswatini.aspx,20.0°,20.5°,20.8°,21.1°,21.4°
Burundi,https://www.worldeconomics.com/ESG/Environment/Temperatures/Burundi.aspx,20.0°,20.4°,20.6°,20.5°,20.3°
Tunisia,https://www.worldeconomics.com/ESG/Environment/Temperatures/Tunisia.aspx,19.7°,20.3°,20.8°,21.1°,21.6°
Peru,https://www.worldeconomics.com/ESG/Environment/Temperatures/Peru.aspx,19.5°,19.6°,19.7°,19.9°,20.2°
Israel,https://www.worldeconomics.com/ESG/Environment/Temperatures/Israel.aspx,19.3°,19.7°,20.3°,20.6°,21.0°
Jordan,https://www.worldeconomics.com/ESG/Environment/Temperatures/Jordan.aspx,18.8°,19.2°,19.8°,20.0°,20.3°
Malta,https://www.worldeconomics.com/ESG/Environment/Temperatures/Malta.aspx,18.8°,19.3°,19.8°,20.0°,20.6°
Rwanda,https://www.worldeconomics.com/ESG/Environment/Temperatures/Rwanda.aspx,18.6°,19.1°,19.3°,19.2°,18.9°
Cyprus,https://www.worldeconomics.com/ESG/Environment/Temperatures/Cyprus.aspx,18.3°,18.6°,19.2°,19.5°,20.2°
Uruguay,https://www.worldeconomics.com/ESG/Environment/Temperatures/Uruguay.aspx,17.6°,17.9°,18.1°,18.3°,18.4°
South Africa,https://www.worldeconomics.com/ESG/Environment/Temperatures/South%20Africa.aspx,17.6°,18.1°,18.4°,18.7°,19.0°
Morocco,https://www.worldeconomics.com/ESG/Environment/Temperatures/Morocco.aspx,17.6°,18.0°,18.4°,18.7°,19.2°
Turkmenistan,https://www.worldeconomics.com/ESG/Environment/Temperatures/Turkmenistan.aspx,15.8°,16.4°,16.9°,17.2°,17.3°
Portugal,https://www.worldeconomics.com/ESG/Environment/Temperatures/Portugal.aspx,15.2°,15.8°,16.1°,16.5°,16.9°
Argentina,https://www.worldeconomics.com/ESG/Environment/Temperatures/Argentina.aspx,14.9°,15.1°,15.2°,15.4°,15.6°
Lebanon,https://www.worldeconomics.com/ESG/Environment/Temperatures/Lebanon.aspx,14.6°,15.1°,15.6°,15.9°,16.4°
Greece,https://www.worldeconomics.com/ESG/Environment/Temperatures/Greece.aspx,13.9°,14.2°,14.7°,15.2°,16.1°
Nepal,https://www.worldeconomics.com/ESG/Environment/Temperatures/Nepal.aspx,13.7°,13.9°,14.3°,14.3°,14.5°
Spain,https://www.worldeconomics.com/ESG/Environment/Temperatures/Spain.aspx,13.3°,13.9°,14.3°,14.7°,15.1°
Uzbekistan,https://www.worldeconomics.com/ESG/Environment/Temperatures/Uzbekistan.aspx,12.8°,13.6°,14.1°,14.4°,14.6°
Afghanistan,https://www.worldeconomics.com/ESG/Environment/Temperatures/Afghanistan.aspx,12.7°,13.3°,13.8°,14.0°,14.2°
Italy,https://www.worldeconomics.com/ESG/Environment/Temperatures/Italy.aspx,12.5°,13.0°,13.6°,14.0°,14.6°
Azerbaijan,https://www.worldeconomics.com/ESG/Environment/Temperatures/Azerbaijan.aspx,12.3°,12.8°,13.3°,13.7°,13.9°
Albania,https://www.worldeconomics.com/ESG/Environment/Temperatures/Albania.aspx,11.9°,12.3°,12.9°,13.3°,14.3°
Lesotho,https://www.worldeconomics.com/ESG/Environment/Temperatures/Lesotho.aspx,11.7°,12.3°,12.6°,12.9°,13.2°
"Korea, Rep.",https://www.worldeconomics.com/ESG/Environment/Temperatures/Korea.aspx,11.4°,12.1°,12.4°,12.8°,13.6°
Türkiye,https://www.worldeconomics.com/ESG/Environment/Temperatures/Turkiye.aspx,11.2°,11.5°,12.1°,12.5°,13.2°
Croatia,https://www.worldeconomics.com/ESG/Environment/Temperatures/Croatia.aspx,11.0°,11.7°,12.3°,12.9°,13.8°
Japan,https://www.worldeconomics.com/ESG/Environment/Temperatures/Japan.aspx,10.9°,11.6°,12.1°,12.4°,13.1°
France,https://www.worldeconomics.com/ESG/Environment/Temperatures/France.aspx,10.8°,11.4°,11.9°,12.4°,12.7°
Bulgaria,https://www.worldeconomics.com/ESG/Environment/Temperatures/Bulgaria.aspx,10.7°,11.1°,11.8°,12.3°,13.2°
Hungary,https://www.worldeconomics.com/ESG/Environment/Temperatures/Hungary.aspx,10.7°,11.3°,12.0°,12.5°,13.5°
Serbia,https://www.worldeconomics.com/ESG/Environment/Temperatures/Serbia.aspx,10.7°,11.2°,11.9°,12.4°,13.4°
North Macedonia,https://www.worldeconomics.com/ESG/Environment/Temperatures/North%20Macedonia.aspx,10.2°,10.6°,11.2°,11.6°,12.6°
New Zealand,https://www.worldeconomics.com/ESG/Environment/Temperatures/New%20Zealand.aspx,10.1°,10.5°,10.7°,10.9°,10.9°
Moldova,https://www.worldeconomics.com/ESG/Environment/Temperatures/Moldova.aspx,10.1°,10.6°,11.3°,11.9°,12.9°
Bhutan,https://www.worldeconomics.com/ESG/Environment/Temperatures/Bhutan.aspx,10.0°,10.2°,10.4°,10.5°,10.8°
Belgium,https://www.worldeconomics.com/ESG/Environment/Temperatures/Belgium.aspx,9.9°,10.4°,11.0°,11.4°,11.8°
Netherlands,https://www.worldeconomics.com/ESG/Environment/Temperatures/Netherlands.aspx,9.7°,10.2°,10.8°,11.3°,11.8°
Bosnia and Herzegovina,https://www.worldeconomics.com/ESG/Environment/Temperatures/Bosnia%20and%20Herzegovina.aspx,9.5°,10.1°,10.7°,11.2°,12.2°
Romania,https://www.worldeconomics.com/ESG/Environment/Temperatures/Romania.aspx,9.5°,9.9°,10.6°,11.2°,12.3°
Ireland,https://www.worldeconomics.com/ESG/Environment/Temperatures/Ireland.aspx,9.4°,9.7°,9.9°,10.1°,10.3°
Luxembourg,https://www.worldeconomics.com/ESG/Environment/Temperatures/Luxembourg.aspx,9.2°,9.8°,10.3°,10.8°,11.1°
Chile,https://www.worldeconomics.com/ESG/Environment/Temperatures/Chile.aspx,9.2°,9.3°,9.5°,9.7°,9.7°
United States,https://www.worldeconomics.com/ESG/Environment/Temperatures/United%20States.aspx,8.9°,9.3°,9.7°,10.1°,10.7°
Slovenia,https://www.worldeconomics.com/ESG/Environment/Temperatures/Slovenia.aspx,8.9°,9.6°,10.2°,10.8°,11.7°
Germany,https://www.worldeconomics.com/ESG/Environment/Temperatures/Germany.aspx,8.8°,9.4°,9.9°,10.5°,11.2°
United Kingdom,https://www.worldeconomics.com/ESG/Environment/Temperatures/United%20Kingdom.aspx,8.7°,9.1°,9.5°,9.7°,9.9°
Georgia,https://www.worldeconomics.com/ESG/Environment/Temperatures/Georgia.aspx,8.5°,8.9°,9.5°,9.9°,10.3°
Ukraine,https://www.worldeconomics.com/ESG/Environment/Temperatures/Ukraine.aspx,8.4°,9.0°,9.7°,10.2°,11.2°
Slovak Republic,https://www.worldeconomics.com/ESG/Environment/Temperatures/Slovak%20Republic.aspx,8.2°,8.8°,9.4°,10.0°,11.1°
Denmark,https://www.worldeconomics.com/ESG/Environment/Temperatures/Denmark.aspx,8.1°,8.6°,9.2°,9.6°,10.0°
Poland,https://www.worldeconomics.com/ESG/Environment/Temperatures/Poland.aspx,8.1°,8.6°,9.2°,9.8°,10.9°
Czechia,https://www.worldeconomics.com/ESG/Environment/Temperatures/Czechia.aspx,7.7°,8.4°,9.0°,9.6°,10.6°
Armenia,https://www.worldeconomics.com/ESG/Environment/Temperatures/Armenia.aspx,7.3°,7.7°,8.2°,8.6°,8.9°
China,https://www.worldeconomics.com/ESG/Environment/Temperatures/China.aspx,7.0°,7.4°,7.8°,8.1°,8.5°
Belarus,https://www.worldeconomics.com/ESG/Environment/Temperatures/Belarus.aspx,6.5°,7.2°,7.8°,8.3°,9.3°
Austria,https://www.worldeconomics.com/ESG/Environment/Temperatures/Austria.aspx,6.5°,7.2°,7.8°,8.3°,9.3°
Lithuania,https://www.worldeconomics.com/ESG/Environment/Temperatures/Lithuania.aspx,6.5°,7.1°,7.7°,8.3°,9.2°
Kazakhstan,https://www.worldeconomics.com/ESG/Environment/Temperatures/Kazakhstan.aspx,6.2°,6.9°,7.5°,7.7°,7.9°
Latvia,https://www.worldeconomics.com/ESG/Environment/Temperatures/Latvia.aspx,6.0°,6.6°,7.2°,7.7°,8.5°
Switzerland,https://www.worldeconomics.com/ESG/Environment/Temperatures/Switzerland.aspx,5.6°,6.3°,6.8°,7.4°,7.8°
Estonia,https://www.worldeconomics.com/ESG/Environment/Temperatures/Estonia.aspx,5.4°,6.0°,6.6°,7.0°,7.6°
Tajikistan,https://www.worldeconomics.com/ESG/Environment/Temperatures/Tajikistan.aspx,3.3°,3.9°,4.4°,4.7°,5.0°
Sweden,https://www.worldeconomics.com/ESG/Environment/Temperatures/Sweden.aspx,2.5°,2.9°,3.5°,3.8°,4.2°
Kyrgyzstan,https://www.worldeconomics.com/ESG/Environment/Temperatures/Kyrgyzstan.aspx,1.8°,2.5°,3.1°,3.4°,3.5°
Finland,https://www.worldeconomics.com/ESG/Environment/Temperatures/Finland.aspx,1.7°,2.2°,2.8°,3.2°,3.6°
Norway,https://www.worldeconomics.com/ESG/Environment/Temperatures/Norway.aspx,1.5°,2.0°,2.5°,2.7°,3.1°
Iceland,https://www.worldeconomics.com/ESG/Environment/Temperatures/Iceland.aspx,1.4°,1.6°,2.0°,2.1°,1.2°
Mongolia,https://www.worldeconomics.com/ESG/Environment/Temperatures/Mongolia.aspx,0.0°,0.8°,1.3°,1.8°,2.4°
Taiwan,https://www.worldeconomics.com/ESG/Environment/Temperatures/Taiwan.aspx,0.0°,0.0°,0.0°,0.0°,0.0°
Canada,https://www.worldeconomics.com/ESG/Environment/Temperatures/Canada.aspx,-4.8°,-4.2°,-3.9°,-3.8°,-3.0°
Russia,https://www.worldeconomics.com/ESG/Environment/Temperatures/Russia.aspx,-4.8°,-4.1°,-3.5°,-3.0°,-2.6°
